,participant_id,device_combo,motion_combo,correct
0,FAB10068F,Head,angular,1.0
1,FAB10068F,Head,linear,0.5
2,FAB10068F,Head,linear_angular,1.0
3,FAB10068F,Head_LeftHand,angular,1.0
4,FAB10068F,Head_LeftHand,linear,1.0
5,FAB10068F,Head_LeftHand,linear_angular,1.0
6,FAB10068F,Head_RightHand,angular,1.0
7,FAB10068F,Head_RightHand,linear,1.0
8,FAB10068F,Head_RightHand,linear_angular,1.0
9,FAB10068F,Head_RightHand_LeftHand,angular,1.0
10,FAB10068F,Head_RightHand_LeftHand,linear,1.0
11,FAB10068F,Head_RightHand_LeftHand,linear_angular,1.0
12,FAB10068F,LeftHand,angular,1.0
13,FAB10068F,LeftHand,linear,1.0
14,FAB10068F,LeftHand,linear_angular,1.0
15,FAB10068F,RightHand,angular,1.0
16,FAB10068F,RightHand,linear,1.0
17,FAB10068F,RightHand,linear_angular,1.0
18,FAB10068F,RightHand_LeftHand,angular,1.0
19,FAB10068F,RightHand_LeftHand,linear,1.0
20,FAB10068F,RightHand_LeftHand,linear_angular,1.0
21,FAB11629F,Head,angular,1.0
22,FAB11629F,Head,linear,1.0
23,FAB11629F,Head,linear_angular,1.0
24,FAB11629F,Head_LeftHand,angular,0.5
25,FAB11629F,Head_LeftHand,linear,1.0
26,FAB11629F,Head_LeftHand,linear_angular,0.5
27,FAB11629F,Head_RightHand,angular,1.0
28,FAB11629F,Head_RightHand,linear,1.0
29,FAB11629F,Head_RightHand,linear_angular,1.0
30,FAB11629F,Head_RightHand_LeftHand,angular,1.0
31,FAB11629F,Head_RightHand_LeftHand,linear,0.5
32,FAB11629F,Head_RightHand_LeftHand,linear_angular,1.0
33,FAB11629F,LeftHand,angular,0.5
34,FAB11629F,LeftHand,linear,0.5
35,FAB11629F,LeftHand,linear_angular,0.5
36,FAB11629F,RightHand,angular,1.0
37,FAB11629F,RightHand,linear,1.0
38,FAB11629F,RightHand,linear_angular,1.0
39,FAB11629F,RightHand_LeftHand,angular,1.0
40,FAB11629F,RightHand_LeftHand,linear,1.0
41,FAB11629F,RightHand_LeftHand,linear_angular,1.0
42,FAB12013F,Head,angular,1.0
43,FAB12013F,Head,linear,1.0
44,FAB12013F,Head,linear_angular,1.0
45,FAB12013F,Head_LeftHand,angular,1.0
46,FAB12013F,Head_LeftHand,linear,1.0
47,FAB12013F,Head_LeftHand,linear_angular,1.0
48,FAB12013F,Head_RightHand,angular,1.0
49,FAB12013F,Head_RightHand,linear,1.0
50,FAB12013F,Head_RightHand,linear_angular,1.0
51,FAB12013F,Head_RightHand_LeftHand,angular,1.0
52,FAB12013F,Head_RightHand_LeftHand,linear,1.0
53,FAB12013F,Head_RightHand_LeftHand,linear_angular,1.0
54,FAB12013F,LeftHand,angular,1.0
55,FAB12013F,LeftHand,linear,0.5
56,FAB12013F,LeftHand,linear_angular,1.0
57,FAB12013F,RightHand,angular,1.0
58,FAB12013F,RightHand,linear,1.0
59,FAB12013F,RightHand,linear_angular,1.0
60,FAB12013F,RightHand_LeftHand,angular,1.0
61,FAB12013F,RightHand_LeftHand,linear,1.0
62,FAB12013F,RightHand_LeftHand,linear_angular,1.0
63,FAB12101F,Head,angular,1.0
64,FAB12101F,Head,linear,1.0
65,FAB12101F,Head,linear_angular,1.0
66,FAB12101F,Head_LeftHand,angular,1.0
67,FAB12101F,Head_LeftHand,linear,1.0
68,FAB12101F,Head_LeftHand,linear_angular,1.0
69,FAB12101F,Head_RightHand,angular,1.0
70,FAB12101F,Head_RightHand,linear,1.0
71,FAB12101F,Head_RightHand,linear_angular,1.0
72,FAB12101F,Head_RightHand_LeftHand,angular,1.0
73,FAB12101F,Head_RightHand_LeftHand,linear,1.0
74,FAB12101F,Head_RightHand_LeftHand,linear_angular,1.0
75,FAB12101F,LeftHand,angular,1.0
76,FAB12101F,LeftHand,linear,0.5
77,FAB12101F,LeftHand,linear_angular,1.0
78,FAB12101F,RightHand,angular,1.0
79,FAB12101F,RightHand,linear,1.0
80,FAB12101F,RightHand,linear_angular,1.0
81,FAB12101F,RightHand_LeftHand,angular,1.0
82,FAB12101F,RightHand_LeftHand,linear,1.0
83,FAB12101F,RightHand_LeftHand,linear_angular,1.0
84,FAB13229M,Head,angular,1.0
85,FAB13229M,Head,linear,1.0
86,FAB13229M,Head,linear_angular,1.0
87,FAB13229M,Head_LeftHand,angular,1.0
88,FAB13229M,Head_LeftHand,linear,1.0
89,FAB13229M,Head_LeftHand,linear_angular,1.0
90,FAB13229M,Head_RightHand,angular,1.0
91,FAB13229M,Head_RightHand,linear,1.0
92,FAB13229M,Head_RightHand,linear_angular,1.0
93,FAB13229M,Head_RightHand_LeftHand,angular,1.0
94,FAB13229M,Head_RightHand_LeftHand,linear,1.0
95,FAB13229M,Head_RightHand_LeftHand,linear_angular,1.0
96,FAB13229M,LeftHand,angular,1.0
97,FAB13229M,LeftHand,linear,1.0
98,FAB13229M,LeftHand,linear_angular,1.0
99,FAB13229M,RightHand,angular,1.0
100,FAB13229M,RightHand,linear,1.0
101,FAB13229M,RightHand,linear_angular,1.0
102,FAB13229M,RightHand_LeftHand,angular,1.0
103,FAB13229M,RightHand_LeftHand,linear,1.0
104,FAB13229M,RightHand_LeftHand,linear_angular,1.0
105,FAB15389M,Head,angular,0.5
106,FAB15389M,Head,linear,0.5
107,FAB15389M,Head,linear_angular,0.0
108,FAB15389M,Head_LeftHand,angular,0.5
109,FAB15389M,Head_LeftHand,linear,1.0
110,FAB15389M,Head_LeftHand,linear_angular,0.5
111,FAB15389M,Head_RightHand,angular,0.5
112,FAB15389M,Head_RightHand,linear,0.5
113,FAB15389M,Head_RightHand,linear_angular,0.5
114,FAB15389M,Head_RightHand_LeftHand,angular,0.5
115,FAB15389M,Head_RightHand_LeftHand,linear,0.5
116,FAB15389M,Head_RightHand_LeftHand,linear_angular,0.5
117,FAB15389M,LeftHand,angular,0.5
118,FAB15389M,LeftHand,linear,1.0
119,FAB15389M,LeftHand,linear_angular,0.5
120,FAB15389M,RightHand,angular,0.5
121,FAB15389M,RightHand,linear,0.5
122,FAB15389M,RightHand,linear_angular,0.5
123,FAB15389M,RightHand_LeftHand,angular,0.5
124,FAB15389M,RightHand_LeftHand,linear,0.5
125,FAB15389M,RightHand_LeftHand,linear_angular,0.5
126,FAB15605M,Head,angular,0.5
127,FAB15605M,Head,linear,0.5
128,FAB15605M,Head,linear_angular,1.0
129,FAB15605M,Head_LeftHand,angular,1.0
130,FAB15605M,Head_LeftHand,linear,1.0
131,FAB15605M,Head_LeftHand,linear_angular,1.0
132,FAB15605M,Head_RightHand,angular,0.0
133,FAB15605M,Head_RightHand,linear,1.0
134,FAB15605M,Head_RightHand,linear_angular,0.0
135,FAB15605M,Head_RightHand_LeftHand,angular,1.0
136,FAB15605M,Head_RightHand_LeftHand,linear,1.0
137,FAB15605M,Head_RightHand_LeftHand,linear_angular,1.0
138,FAB15605M,LeftHand,angular,1.0
139,FAB15605M,LeftHand,linear,1.0
140,FAB15605M,LeftHand,linear_angular,1.0
141,FAB15605M,RightHand,angular,1.0
142,FAB15605M,RightHand,linear,1.0
143,FAB15605M,RightHand,linear_angular,1.0
144,FAB15605M,RightHand_LeftHand,angular,1.0
145,FAB15605M,RightHand_LeftHand,linear,1.0
146,FAB15605M,RightHand_LeftHand,linear_angular,1.0
147,FAB15800F,Head,angular,1.0
148,FAB15800F,Head,linear,1.0
149,FAB15800F,Head,linear_angular,1.0
150,FAB15800F,Head_LeftHand,angular,1.0
151,FAB15800F,Head_LeftHand,linear,1.0
152,FAB15800F,Head_LeftHand,linear_angular,1.0
153,FAB15800F,Head_RightHand,angular,1.0
154,FAB15800F,Head_RightHand,linear,1.0
155,FAB15800F,Head_RightHand,linear_angular,1.0
156,FAB15800F,Head_RightHand_LeftHand,angular,1.0
157,FAB15800F,Head_RightHand_LeftHand,linear,1.0
158,FAB15800F,Head_RightHand_LeftHand,linear_angular,1.0
159,FAB15800F,LeftHand,angular,1.0
160,FAB15800F,LeftHand,linear,1.0
161,FAB15800F,LeftHand,linear_angular,1.0
162,FAB15800F,RightHand,angular,1.0
163,FAB15800F,RightHand,linear,1.0
164,FAB15800F,RightHand,linear_angular,1.0
165,FAB15800F,RightHand_LeftHand,angular,1.0
166,FAB15800F,RightHand_LeftHand,linear,1.0
167,FAB15800F,RightHand_LeftHand,linear_angular,1.0
168,FAB16401F,Head,angular,0.5
169,FAB16401F,Head,linear,0.5
170,FAB16401F,Head,linear_angular,1.0
171,FAB16401F,Head_LeftHand,angular,0.5
172,FAB16401F,Head_LeftHand,linear,0.5
173,FAB16401F,Head_LeftHand,linear_angular,0.5
174,FAB16401F,Head_RightHand,angular,0.5
175,FAB16401F,Head_RightHand,linear,0.5
176,FAB16401F,Head_RightHand,linear_angular,0.5
177,FAB16401F,Head_RightHand_LeftHand,angular,1.0
178,FAB16401F,Head_RightHand_LeftHand,linear,1.0
179,FAB16401F,Head_RightHand_LeftHand,linear_angular,1.0
180,FAB16401F,LeftHand,angular,0.5
181,FAB16401F,LeftHand,linear,1.0
182,FAB16401F,LeftHand,linear_angular,1.0
183,FAB16401F,RightHand,angular,1.0
184,FAB16401F,RightHand,linear,1.0
185,FAB16401F,RightHand,linear_angular,1.0
186,FAB16401F,RightHand_LeftHand,angular,1.0
187,FAB16401F,RightHand_LeftHand,linear,0.5
188,FAB16401F,RightHand_LeftHand,linear_angular,1.0
189,FAB16803F,Head,angular,1.0
190,FAB16803F,Head,linear,1.0
191,FAB16803F,Head,linear_angular,0.5
192,FAB16803F,Head_LeftHand,angular,0.5
193,FAB16803F,Head_LeftHand,linear,0.5
194,FAB16803F,Head_LeftHand,linear_angular,0.5
195,FAB16803F,Head_RightHand,angular,1.0
196,FAB16803F,Head_RightHand,linear,1.0
197,FAB16803F,Head_RightHand,linear_angular,1.0
198,FAB16803F,Head_RightHand_LeftHand,angular,0.5
199,FAB16803F,Head_RightHand_LeftHand,linear,1.0
200,FAB16803F,Head_RightHand_LeftHand,linear_angular,0.5
201,FAB16803F,LeftHand,angular,0.5
202,FAB16803F,LeftHand,linear,0.5
203,FAB16803F,LeftHand,linear_angular,0.5
204,FAB16803F,RightHand,angular,0.5
205,FAB16803F,RightHand,linear,1.0
206,FAB16803F,RightHand,linear_angular,0.5
207,FAB16803F,RightHand_LeftHand,angular,0.5
208,FAB16803F,RightHand_LeftHand,linear,1.0
209,FAB16803F,RightHand_LeftHand,linear_angular,0.5
210,FAB17745M,Head,angular,1.0
211,FAB17745M,Head,linear,1.0
212,FAB17745M,Head,linear_angular,1.0
213,FAB17745M,Head_LeftHand,angular,1.0
214,FAB17745M,Head_LeftHand,linear,1.0
215,FAB17745M,Head_LeftHand,linear_angular,1.0
216,FAB17745M,Head_RightHand,angular,1.0
217,FAB17745M,Head_RightHand,linear,1.0
218,FAB17745M,Head_RightHand,linear_angular,1.0
219,FAB17745M,Head_RightHand_LeftHand,angular,1.0
220,FAB17745M,Head_RightHand_LeftHand,linear,1.0
221,FAB17745M,Head_RightHand_LeftHand,linear_angular,1.0
222,FAB17745M,LeftHand,angular,0.5
223,FAB17745M,LeftHand,linear,1.0
224,FAB17745M,LeftHand,linear_angular,1.0
225,FAB17745M,RightHand,angular,0.5
226,FAB17745M,RightHand,linear,1.0
227,FAB17745M,RightHand,linear_angular,1.0
228,FAB17745M,RightHand_LeftHand,angular,1.0
229,FAB17745M,RightHand_LeftHand,linear,1.0
230,FAB17745M,RightHand_LeftHand,linear_angular,1.0
231,FAB19823F,Head,angular,1.0
232,FAB19823F,Head,linear,1.0
233,FAB19823F,Head,linear_angular,1.0
234,FAB19823F,Head_LeftHand,angular,1.0
235,FAB19823F,Head_LeftHand,linear,1.0
236,FAB19823F,Head_LeftHand,linear_angular,1.0
237,FAB19823F,Head_RightHand,angular,1.0
238,FAB19823F,Head_RightHand,linear,1.0
239,FAB19823F,Head_RightHand,linear_angular,1.0
240,FAB19823F,Head_RightHand_LeftHand,angular,1.0
241,FAB19823F,Head_RightHand_LeftHand,linear,1.0
242,FAB19823F,Head_RightHand_LeftHand,linear_angular,1.0
243,FAB19823F,LeftHand,angular,1.0
244,FAB19823F,LeftHand,linear,1.0
245,FAB19823F,LeftHand,linear_angular,1.0
246,FAB19823F,RightHand,angular,1.0
247,FAB19823F,RightHand,linear,1.0
248,FAB19823F,RightHand,linear_angular,1.0
249,FAB19823F,RightHand_LeftHand,angular,1.0
250,FAB19823F,RightHand_LeftHand,linear,1.0
251,FAB19823F,RightHand_LeftHand,linear_angular,1.0
252,FAB20077M,Head,angular,1.0
253,FAB20077M,Head,linear,1.0
254,FAB20077M,Head,linear_angular,1.0
255,FAB20077M,Head_LeftHand,angular,1.0
256,FAB20077M,Head_LeftHand,linear,1.0
257,FAB20077M,Head_LeftHand,linear_angular,1.0
258,FAB20077M,Head_RightHand,angular,1.0
259,FAB20077M,Head_RightHand,linear,1.0
260,FAB20077M,Head_RightHand,linear_angular,1.0
261,FAB20077M,Head_RightHand_LeftHand,angular,1.0
262,FAB20077M,Head_RightHand_LeftHand,linear,1.0
263,FAB20077M,Head_RightHand_LeftHand,linear_angular,1.0
264,FAB20077M,LeftHand,angular,1.0
265,FAB20077M,LeftHand,linear,1.0
266,FAB20077M,LeftHand,linear_angular,1.0
267,FAB20077M,RightHand,angular,1.0
268,FAB20077M,RightHand,linear,1.0
269,FAB20077M,RightHand,linear_angular,1.0
270,FAB20077M,RightHand_LeftHand,angular,1.0
271,FAB20077M,RightHand_LeftHand,linear,1.0
272,FAB20077M,RightHand_LeftHand,linear_angular,1.0
273,FAB20552M,Head,angular,1.0
274,FAB20552M,Head,linear,1.0
275,FAB20552M,Head,linear_angular,1.0
276,FAB20552M,Head_LeftHand,angular,1.0
277,FAB20552M,Head_LeftHand,linear,1.0
278,FAB20552M,Head_LeftHand,linear_angular,1.0
279,FAB20552M,Head_RightHand,angular,1.0
280,FAB20552M,Head_RightHand,linear,1.0
281,FAB20552M,Head_RightHand,linear_angular,1.0
282,FAB20552M,Head_RightHand_LeftHand,angular,1.0
283,FAB20552M,Head_RightHand_LeftHand,linear,1.0
284,FAB20552M,Head_RightHand_LeftHand,linear_angular,1.0
285,FAB20552M,LeftHand,angular,1.0
286,FAB20552M,LeftHand,linear,1.0
287,FAB20552M,LeftHand,linear_angular,1.0
288,FAB20552M,RightHand,angular,1.0
289,FAB20552M,RightHand,linear,1.0
290,FAB20552M,RightHand,linear_angular,1.0
291,FAB20552M,RightHand_LeftHand,angular,1.0
292,FAB20552M,RightHand_LeftHand,linear,1.0
293,FAB20552M,RightHand_LeftHand,linear_angular,1.0
294,FAB21337F,Head,angular,1.0
295,FAB21337F,Head,linear,0.5
296,FAB21337F,Head,linear_angular,1.0
297,FAB21337F,Head_LeftHand,angular,1.0
298,FAB21337F,Head_LeftHand,linear,1.0
299,FAB21337F,Head_LeftHand,linear_angular,1.0
300,FAB21337F,Head_RightHand,angular,0.5
301,FAB21337F,Head_RightHand,linear,1.0
302,FAB21337F,Head_RightHand,linear_angular,1.0
303,FAB21337F,Head_RightHand_LeftHand,angular,1.0
304,FAB21337F,Head_RightHand_LeftHand,linear,1.0
305,FAB21337F,Head_RightHand_LeftHand,linear_angular,1.0
306,FAB21337F,LeftHand,angular,1.0
307,FAB21337F,LeftHand,linear,1.0
308,FAB21337F,LeftHand,linear_angular,1.0
309,FAB21337F,RightHand,angular,0.5
310,FAB21337F,RightHand,linear,1.0
311,FAB21337F,RightHand,linear_angular,1.0
312,FAB21337F,RightHand_LeftHand,angular,1.0
313,FAB21337F,RightHand_LeftHand,linear,1.0
314,FAB21337F,RightHand_LeftHand,linear_angular,1.0
315,FAB21952F,Head,angular,1.0
316,FAB21952F,Head,linear,1.0
317,FAB21952F,Head,linear_angular,1.0
318,FAB21952F,Head_LeftHand,angular,1.0
319,FAB21952F,Head_LeftHand,linear,1.0
320,FAB21952F,Head_LeftHand,linear_angular,1.0
321,FAB21952F,Head_RightHand,angular,1.0
322,FAB21952F,Head_RightHand,linear,1.0
323,FAB21952F,Head_RightHand,linear_angular,1.0
324,FAB21952F,Head_RightHand_LeftHand,angular,1.0
325,FAB21952F,Head_RightHand_LeftHand,linear,1.0
326,FAB21952F,Head_RightHand_LeftHand,linear_angular,1.0
327,FAB21952F,LeftHand,angular,1.0
328,FAB21952F,LeftHand,linear,1.0
329,FAB21952F,LeftHand,linear_angular,1.0
330,FAB21952F,RightHand,angular,1.0
331,FAB21952F,RightHand,linear,1.0
332,FAB21952F,RightHand,linear_angular,1.0
333,FAB21952F,RightHand_LeftHand,angular,1.0
334,FAB21952F,RightHand_LeftHand,linear,1.0
335,FAB21952F,RightHand_LeftHand,linear_angular,1.0
336,FAB22008F,Head,angular,1.0
337,FAB22008F,Head,linear,1.0
338,FAB22008F,Head,linear_angular,1.0
339,FAB22008F,Head_LeftHand,angular,1.0
340,FAB22008F,Head_LeftHand,linear,1.0
341,FAB22008F,Head_LeftHand,linear_angular,1.0
342,FAB22008F,Head_RightHand,angular,1.0
343,FAB22008F,Head_RightHand,linear,1.0
344,FAB22008F,Head_RightHand,linear_angular,1.0
345,FAB22008F,Head_RightHand_LeftHand,angular,1.0
346,FAB22008F,Head_RightHand_LeftHand,linear,1.0
347,FAB22008F,Head_RightHand_LeftHand,linear_angular,1.0
348,FAB22008F,LeftHand,angular,1.0
349,FAB22008F,LeftHand,linear,1.0
350,FAB22008F,LeftHand,linear_angular,1.0
351,FAB22008F,RightHand,angular,1.0
352,FAB22008F,RightHand,linear,1.0
353,FAB22008F,RightHand,linear_angular,1.0
354,FAB22008F,RightHand_LeftHand,angular,1.0
355,FAB22008F,RightHand_LeftHand,linear,1.0
356,FAB22008F,RightHand_LeftHand,linear_angular,1.0
357,FAB26097M,Head,angular,1.0
358,FAB26097M,Head,linear,1.0
359,FAB26097M,Head,linear_angular,0.0
360,FAB26097M,Head_LeftHand,angular,0.0
361,FAB26097M,Head_LeftHand,linear,1.0
362,FAB26097M,Head_LeftHand,linear_angular,0.0
363,FAB26097M,Head_RightHand,angular,0.0
364,FAB26097M,Head_RightHand,linear,1.0
365,FAB26097M,Head_RightHand,linear_angular,1.0
366,FAB26097M,Head_RightHand_LeftHand,angular,0.0
367,FAB26097M,Head_RightHand_LeftHand,linear,1.0
368,FAB26097M,Head_RightHand_LeftHand,linear_angular,1.0
369,FAB26097M,LeftHand,angular,0.0
370,FAB26097M,LeftHand,linear,0.5
371,FAB26097M,LeftHand,linear_angular,0.5
372,FAB26097M,RightHand,angular,0.0
373,FAB26097M,RightHand,linear,1.0
374,FAB26097M,RightHand,linear_angular,1.0
375,FAB26097M,RightHand_LeftHand,angular,0.5
376,FAB26097M,RightHand_LeftHand,linear,1.0
377,FAB26097M,RightHand_LeftHand,linear_angular,1.0
378,FAB26282M,Head,angular,0.5
379,FAB26282M,Head,linear,1.0
380,FAB26282M,Head,linear_angular,1.0
381,FAB26282M,Head_LeftHand,angular,1.0
382,FAB26282M,Head_LeftHand,linear,0.5
383,FAB26282M,Head_LeftHand,linear_angular,1.0
384,FAB26282M,Head_RightHand,angular,1.0
385,FAB26282M,Head_RightHand,linear,1.0
386,FAB26282M,Head_RightHand,linear_angular,1.0
387,FAB26282M,Head_RightHand_LeftHand,angular,1.0
388,FAB26282M,Head_RightHand_LeftHand,linear,1.0
389,FAB26282M,Head_RightHand_LeftHand,linear_angular,1.0
390,FAB26282M,LeftHand,angular,1.0
391,FAB26282M,LeftHand,linear,0.5
392,FAB26282M,LeftHand,linear_angular,1.0
393,FAB26282M,RightHand,angular,1.0
394,FAB26282M,RightHand,linear,0.5
395,FAB26282M,RightHand,linear_angular,0.5
396,FAB26282M,RightHand_LeftHand,angular,1.0
397,FAB26282M,RightHand_LeftHand,linear,0.5
398,FAB26282M,RightHand_LeftHand,linear_angular,1.0
399,FAB28076M,Head,angular,0.5
400,FAB28076M,Head,linear,0.5
401,FAB28076M,Head,linear_angular,0.5
402,FAB28076M,Head_LeftHand,angular,1.0
403,FAB28076M,Head_LeftHand,linear,1.0
404,FAB28076M,Head_LeftHand,linear_angular,1.0
405,FAB28076M,Head_RightHand,angular,1.0
406,FAB28076M,Head_RightHand,linear,1.0
407,FAB28076M,Head_RightHand,linear_angular,1.0
408,FAB28076M,Head_RightHand_LeftHand,angular,1.0
409,FAB28076M,Head_RightHand_LeftHand,linear,1.0
410,FAB28076M,Head_RightHand_LeftHand,linear_angular,1.0
411,FAB28076M,LeftHand,angular,0.5
412,FAB28076M,LeftHand,linear,1.0
413,FAB28076M,LeftHand,linear_angular,1.0
414,FAB28076M,RightHand,angular,1.0
415,FAB28076M,RightHand,linear,0.5
416,FAB28076M,RightHand,linear_angular,1.0
417,FAB28076M,RightHand_LeftHand,angular,0.5
418,FAB28076M,RightHand_LeftHand,linear,1.0
419,FAB28076M,RightHand_LeftHand,linear_angular,1.0
420,FAB28505M,Head,angular,1.0
421,FAB28505M,Head,linear,0.5
422,FAB28505M,Head,linear_angular,1.0
423,FAB28505M,Head_LeftHand,angular,0.5
424,FAB28505M,Head_LeftHand,linear,1.0
425,FAB28505M,Head_LeftHand,linear_angular,1.0
426,FAB28505M,Head_RightHand,angular,1.0
427,FAB28505M,Head_RightHand,linear,1.0
428,FAB28505M,Head_RightHand,linear_angular,1.0
429,FAB28505M,Head_RightHand_LeftHand,angular,0.5
430,FAB28505M,Head_RightHand_LeftHand,linear,1.0
431,FAB28505M,Head_RightHand_LeftHand,linear_angular,1.0
432,FAB28505M,LeftHand,angular,0.5
433,FAB28505M,LeftHand,linear,1.0
434,FAB28505M,LeftHand,linear_angular,0.5
435,FAB28505M,RightHand,angular,1.0
436,FAB28505M,RightHand,linear,1.0
437,FAB28505M,RightHand,linear_angular,1.0
438,FAB28505M,RightHand_LeftHand,angular,0.5
439,FAB28505M,RightHand_LeftHand,linear,1.0
440,FAB28505M,RightHand_LeftHand,linear_angular,1.0
441,FAB30237M,Head,angular,1.0
442,FAB30237M,Head,linear,1.0
443,FAB30237M,Head,linear_angular,1.0
444,FAB30237M,Head_LeftHand,angular,1.0
445,FAB30237M,Head_LeftHand,linear,1.0
446,FAB30237M,Head_LeftHand,linear_angular,1.0
447,FAB30237M,Head_RightHand,angular,1.0
448,FAB30237M,Head_RightHand,linear,1.0
449,FAB30237M,Head_RightHand,linear_angular,1.0
450,FAB30237M,Head_RightHand_LeftHand,angular,1.0
451,FAB30237M,Head_RightHand_LeftHand,linear,1.0
452,FAB30237M,Head_RightHand_LeftHand,linear_angular,1.0
453,FAB30237M,LeftHand,angular,1.0
454,FAB30237M,LeftHand,linear,1.0
455,FAB30237M,LeftHand,linear_angular,1.0
456,FAB30237M,RightHand,angular,1.0
457,FAB30237M,RightHand,linear,1.0
458,FAB30237M,RightHand,linear_angular,1.0
459,FAB30237M,RightHand_LeftHand,angular,1.0
460,FAB30237M,RightHand_LeftHand,linear,1.0
461,FAB30237M,RightHand_LeftHand,linear_angular,1.0
462,FAB31369F,Head,angular,1.0
463,FAB31369F,Head,linear,0.5
464,FAB31369F,Head,linear_angular,0.0
465,FAB31369F,Head_LeftHand,angular,0.0
466,FAB31369F,Head_LeftHand,linear,0.0
467,FAB31369F,Head_LeftHand,linear_angular,1.0
468,FAB31369F,Head_RightHand,angular,0.5
469,FAB31369F,Head_RightHand,linear,1.0
470,FAB31369F,Head_RightHand,linear_angular,1.0
471,FAB31369F,Head_RightHand_LeftHand,angular,0.5
472,FAB31369F,Head_RightHand_LeftHand,linear,1.0
473,FAB31369F,Head_RightHand_LeftHand,linear_angular,1.0
474,FAB31369F,LeftHand,angular,0.5
475,FAB31369F,LeftHand,linear,0.0
476,FAB31369F,LeftHand,linear_angular,1.0
477,FAB31369F,RightHand,angular,0.5
478,FAB31369F,RightHand,linear,1.0
479,FAB31369F,RightHand,linear_angular,1.0
480,FAB31369F,RightHand_LeftHand,angular,0.5
481,FAB31369F,RightHand_LeftHand,linear,1.0
482,FAB31369F,RightHand_LeftHand,linear_angular,0.5
483,FAB31608M,Head,angular,1.0
484,FAB31608M,Head,linear,1.0
485,FAB31608M,Head,linear_angular,1.0
486,FAB31608M,Head_LeftHand,angular,0.5
487,FAB31608M,Head_LeftHand,linear,1.0
488,FAB31608M,Head_LeftHand,linear_angular,1.0
489,FAB31608M,Head_RightHand,angular,1.0
490,FAB31608M,Head_RightHand,linear,1.0
491,FAB31608M,Head_RightHand,linear_angular,1.0
492,FAB31608M,Head_RightHand_LeftHand,angular,0.5
493,FAB31608M,Head_RightHand_LeftHand,linear,1.0
494,FAB31608M,Head_RightHand_LeftHand,linear_angular,1.0
495,FAB31608M,LeftHand,angular,1.0
496,FAB31608M,LeftHand,linear,0.5
497,FAB31608M,LeftHand,linear_angular,1.0
498,FAB31608M,RightHand,angular,0.5
499,FAB31608M,RightHand,linear,1.0
500,FAB31608M,RightHand,linear_angular,1.0
501,FAB31608M,RightHand_LeftHand,angular,0.5
502,FAB31608M,RightHand_LeftHand,linear,1.0
503,FAB31608M,RightHand_LeftHand,linear_angular,1.0
504,FAB33054M,Head,angular,1.0
505,FAB33054M,Head,linear,1.0
506,FAB33054M,Head,linear_angular,1.0
507,FAB33054M,Head_LeftHand,angular,1.0
508,FAB33054M,Head_LeftHand,linear,1.0
509,FAB33054M,Head_LeftHand,linear_angular,1.0
510,FAB33054M,Head_RightHand,angular,1.0
511,FAB33054M,Head_RightHand,linear,1.0
512,FAB33054M,Head_RightHand,linear_angular,1.0
513,FAB33054M,Head_RightHand_LeftHand,angular,1.0
514,FAB33054M,Head_RightHand_LeftHand,linear,1.0
515,FAB33054M,Head_RightHand_LeftHand,linear_angular,1.0
516,FAB33054M,LeftHand,angular,1.0
517,FAB33054M,LeftHand,linear,1.0
518,FAB33054M,LeftHand,linear_angular,1.0
519,FAB33054M,RightHand,angular,1.0
520,FAB33054M,RightHand,linear,1.0
521,FAB33054M,RightHand,linear_angular,1.0
522,FAB33054M,RightHand_LeftHand,angular,1.0
523,FAB33054M,RightHand_LeftHand,linear,1.0
524,FAB33054M,RightHand_LeftHand,linear_angular,1.0
525,FAB34621M,Head,angular,1.0
526,FAB34621M,Head,linear,1.0
527,FAB34621M,Head,linear_angular,0.5
528,FAB34621M,Head_LeftHand,angular,0.5
529,FAB34621M,Head_LeftHand,linear,0.5
530,FAB34621M,Head_LeftHand,linear_angular,1.0
531,FAB34621M,Head_RightHand,angular,1.0
532,FAB34621M,Head_RightHand,linear,1.0
533,FAB34621M,Head_RightHand,linear_angular,1.0
534,FAB34621M,Head_RightHand_LeftHand,angular,1.0
535,FAB34621M,Head_RightHand_LeftHand,linear,0.5
536,FAB34621M,Head_RightHand_LeftHand,linear_angular,1.0
537,FAB34621M,LeftHand,angular,1.0
538,FAB34621M,LeftHand,linear,1.0
539,FAB34621M,LeftHand,linear_angular,1.0
540,FAB34621M,RightHand,angular,0.0
541,FAB34621M,RightHand,linear,1.0
542,FAB34621M,RightHand,linear_angular,1.0
543,FAB34621M,RightHand_LeftHand,angular,1.0
544,FAB34621M,RightHand_LeftHand,linear,0.5
545,FAB34621M,RightHand_LeftHand,linear_angular,1.0
546,FAB34961M,Head,angular,0.5
547,FAB34961M,Head,linear,0.0
548,FAB34961M,Head,linear_angular,1.0
549,FAB34961M,Head_LeftHand,angular,1.0
550,FAB34961M,Head_LeftHand,linear,0.5
551,FAB34961M,Head_LeftHand,linear_angular,1.0
552,FAB34961M,Head_RightHand,angular,1.0
553,FAB34961M,Head_RightHand,linear,1.0
554,FAB34961M,Head_RightHand,linear_angular,1.0
555,FAB34961M,Head_RightHand_LeftHand,angular,1.0
556,FAB34961M,Head_RightHand_LeftHand,linear,1.0
557,FAB34961M,Head_RightHand_LeftHand,linear_angular,1.0
558,FAB34961M,LeftHand,angular,0.5
559,FAB34961M,LeftHand,linear,1.0
560,FAB34961M,LeftHand,linear_angular,1.0
561,FAB34961M,RightHand,angular,1.0
562,FAB34961M,RightHand,linear,0.5
563,FAB34961M,RightHand,linear_angular,0.5
564,FAB34961M,RightHand_LeftHand,angular,1.0
565,FAB34961M,RightHand_LeftHand,linear,1.0
566,FAB34961M,RightHand_LeftHand,linear_angular,1.0
567,FAB35565M,Head,angular,0.0
568,FAB35565M,Head,linear,0.0
569,FAB35565M,Head,linear_angular,0.0
570,FAB35565M,Head_LeftHand,angular,0.0
571,FAB35565M,Head_LeftHand,linear,0.0
572,FAB35565M,Head_LeftHand,linear_angular,0.0
573,FAB35565M,Head_RightHand,angular,0.0
574,FAB35565M,Head_RightHand,linear,0.5
575,FAB35565M,Head_RightHand,linear_angular,0.5
576,FAB35565M,Head_RightHand_LeftHand,angular,0.0
577,FAB35565M,Head_RightHand_LeftHand,linear,1.0
578,FAB35565M,Head_RightHand_LeftHand,linear_angular,0.5
579,FAB35565M,LeftHand,angular,0.0
580,FAB35565M,LeftHand,linear,1.0
581,FAB35565M,LeftHand,linear_angular,0.0
582,FAB35565M,RightHand,angular,0.0
583,FAB35565M,RightHand,linear,0.5
584,FAB35565M,RightHand,linear_angular,1.0
585,FAB35565M,RightHand_LeftHand,angular,0.5
586,FAB35565M,RightHand_LeftHand,linear,0.5
587,FAB35565M,RightHand_LeftHand,linear_angular,0.0
588,FAB36376F,Head,angular,1.0
589,FAB36376F,Head,linear,1.0
590,FAB36376F,Head,linear_angular,0.5
591,FAB36376F,Head_LeftHand,angular,0.0
592,FAB36376F,Head_LeftHand,linear,0.5
593,FAB36376F,Head_LeftHand,linear_angular,1.0
594,FAB36376F,Head_RightHand,angular,0.5
595,FAB36376F,Head_RightHand,linear,1.0
596,FAB36376F,Head_RightHand,linear_angular,0.5
597,FAB36376F,Head_RightHand_LeftHand,angular,1.0
598,FAB36376F,Head_RightHand_LeftHand,linear,1.0
599,FAB36376F,Head_RightHand_LeftHand,linear_angular,1.0
600,FAB36376F,LeftHand,angular,1.0
601,FAB36376F,LeftHand,linear,0.5
602,FAB36376F,LeftHand,linear_angular,1.0
603,FAB36376F,RightHand,angular,0.5
604,FAB36376F,RightHand,linear,1.0
605,FAB36376F,RightHand,linear_angular,1.0
606,FAB36376F,RightHand_LeftHand,angular,1.0
607,FAB36376F,RightHand_LeftHand,linear,0.5
608,FAB36376F,RightHand_LeftHand,linear_angular,1.0
609,FAB36517M,Head,angular,1.0
610,FAB36517M,Head,linear,1.0
611,FAB36517M,Head,linear_angular,1.0
612,FAB36517M,Head_LeftHand,angular,1.0
613,FAB36517M,Head_LeftHand,linear,1.0
614,FAB36517M,Head_LeftHand,linear_angular,1.0
615,FAB36517M,Head_RightHand,angular,1.0
616,FAB36517M,Head_RightHand,linear,1.0
617,FAB36517M,Head_RightHand,linear_angular,1.0
618,FAB36517M,Head_RightHand_LeftHand,angular,1.0
619,FAB36517M,Head_RightHand_LeftHand,linear,1.0
620,FAB36517M,Head_RightHand_LeftHand,linear_angular,1.0
621,FAB36517M,LeftHand,angular,1.0
622,FAB36517M,LeftHand,linear,1.0
623,FAB36517M,LeftHand,linear_angular,1.0
624,FAB36517M,RightHand,angular,1.0
625,FAB36517M,RightHand,linear,1.0
626,FAB36517M,RightHand,linear_angular,1.0
627,FAB36517M,RightHand_LeftHand,angular,1.0
628,FAB36517M,RightHand_LeftHand,linear,1.0
629,FAB36517M,RightHand_LeftHand,linear_angular,1.0
630,FAB36603M,Head,angular,1.0
631,FAB36603M,Head,linear,0.5
632,FAB36603M,Head,linear_angular,0.5
633,FAB36603M,Head_LeftHand,angular,0.5
634,FAB36603M,Head_LeftHand,linear,0.5
635,FAB36603M,Head_LeftHand,linear_angular,0.5
636,FAB36603M,Head_RightHand,angular,0.5
637,FAB36603M,Head_RightHand,linear,1.0
638,FAB36603M,Head_RightHand,linear_angular,0.5
639,FAB36603M,Head_RightHand_LeftHand,angular,1.0
640,FAB36603M,Head_RightHand_LeftHand,linear,0.5
641,FAB36603M,Head_RightHand_LeftHand,linear_angular,1.0
642,FAB36603M,LeftHand,angular,1.0
643,FAB36603M,LeftHand,linear,1.0
644,FAB36603M,LeftHand,linear_angular,1.0
645,FAB36603M,RightHand,angular,0.5
646,FAB36603M,RightHand,linear,1.0
647,FAB36603M,RightHand,linear_angular,0.5
648,FAB36603M,RightHand_LeftHand,angular,1.0
649,FAB36603M,RightHand_LeftHand,linear,0.5
650,FAB36603M,RightHand_LeftHand,linear_angular,1.0
651,FAB37469M,Head,angular,1.0
652,FAB37469M,Head,linear,1.0
653,FAB37469M,Head,linear_angular,0.0
654,FAB37469M,Head_LeftHand,angular,0.5
655,FAB37469M,Head_LeftHand,linear,1.0
656,FAB37469M,Head_LeftHand,linear_angular,0.5
657,FAB37469M,Head_RightHand,angular,0.5
658,FAB37469M,Head_RightHand,linear,1.0
659,FAB37469M,Head_RightHand,linear_angular,0.5
660,FAB37469M,Head_RightHand_LeftHand,angular,1.0
661,FAB37469M,Head_RightHand_LeftHand,linear,0.5
662,FAB37469M,Head_RightHand_LeftHand,linear_angular,1.0
663,FAB37469M,LeftHand,angular,1.0
664,FAB37469M,LeftHand,linear,0.5
665,FAB37469M,LeftHand,linear_angular,1.0
666,FAB37469M,RightHand,angular,1.0
667,FAB37469M,RightHand,linear,1.0
668,FAB37469M,RightHand,linear_angular,1.0
669,FAB37469M,RightHand_LeftHand,angular,1.0
670,FAB37469M,RightHand_LeftHand,linear,1.0
671,FAB37469M,RightHand_LeftHand,linear_angular,1.0
672,FAB37970F,Head,angular,1.0
673,FAB37970F,Head,linear,1.0
674,FAB37970F,Head,linear_angular,1.0
675,FAB37970F,Head_LeftHand,angular,1.0
676,FAB37970F,Head_LeftHand,linear,1.0
677,FAB37970F,Head_LeftHand,linear_angular,1.0
678,FAB37970F,Head_RightHand,angular,1.0
679,FAB37970F,Head_RightHand,linear,1.0
680,FAB37970F,Head_RightHand,linear_angular,1.0
681,FAB37970F,Head_RightHand_LeftHand,angular,1.0
682,FAB37970F,Head_RightHand_LeftHand,linear,1.0
683,FAB37970F,Head_RightHand_LeftHand,linear_angular,1.0
684,FAB37970F,LeftHand,angular,1.0
685,FAB37970F,LeftHand,linear,0.5
686,FAB37970F,LeftHand,linear_angular,1.0
687,FAB37970F,RightHand,angular,1.0
688,FAB37970F,RightHand,linear,1.0
689,FAB37970F,RightHand,linear_angular,1.0
690,FAB37970F,RightHand_LeftHand,angular,1.0
691,FAB37970F,RightHand_LeftHand,linear,1.0
692,FAB37970F,RightHand_LeftHand,linear_angular,1.0
693,FAB41088M,Head,angular,1.0
694,FAB41088M,Head,linear,1.0
695,FAB41088M,Head,linear_angular,1.0
696,FAB41088M,Head_LeftHand,angular,1.0
697,FAB41088M,Head_LeftHand,linear,1.0
698,FAB41088M,Head_LeftHand,linear_angular,1.0
699,FAB41088M,Head_RightHand,angular,1.0
700,FAB41088M,Head_RightHand,linear,0.5
701,FAB41088M,Head_RightHand,linear_angular,1.0
702,FAB41088M,Head_RightHand_LeftHand,angular,1.0
703,FAB41088M,Head_RightHand_LeftHand,linear,1.0
704,FAB41088M,Head_RightHand_LeftHand,linear_angular,1.0
705,FAB41088M,LeftHand,angular,0.5
706,FAB41088M,LeftHand,linear,1.0
707,FAB41088M,LeftHand,linear_angular,0.5
708,FAB41088M,RightHand,angular,1.0
709,FAB41088M,RightHand,linear,1.0
710,FAB41088M,RightHand,linear_angular,1.0
711,FAB41088M,RightHand_LeftHand,angular,1.0
712,FAB41088M,RightHand_LeftHand,linear,1.0
713,FAB41088M,RightHand_LeftHand,linear_angular,1.0
714,FAB43500F,Head,angular,1.0
715,FAB43500F,Head,linear,0.0
716,FAB43500F,Head,linear_angular,1.0
717,FAB43500F,Head_LeftHand,angular,1.0
718,FAB43500F,Head_LeftHand,linear,1.0
719,FAB43500F,Head_LeftHand,linear_angular,1.0
720,FAB43500F,Head_RightHand,angular,1.0
721,FAB43500F,Head_RightHand,linear,1.0
722,FAB43500F,Head_RightHand,linear_angular,1.0
723,FAB43500F,Head_RightHand_LeftHand,angular,1.0
724,FAB43500F,Head_RightHand_LeftHand,linear,1.0
725,FAB43500F,Head_RightHand_LeftHand,linear_angular,1.0
726,FAB43500F,LeftHand,angular,1.0
727,FAB43500F,LeftHand,linear,0.5
728,FAB43500F,LeftHand,linear_angular,1.0
729,FAB43500F,RightHand,angular,1.0
730,FAB43500F,RightHand,linear,1.0
731,FAB43500F,RightHand,linear_angular,1.0
732,FAB43500F,RightHand_LeftHand,angular,1.0
733,FAB43500F,RightHand_LeftHand,linear,1.0
734,FAB43500F,RightHand_LeftHand,linear_angular,1.0
735,FAB43889M,Head,angular,1.0
736,FAB43889M,Head,linear,1.0
737,FAB43889M,Head,linear_angular,1.0
738,FAB43889M,Head_LeftHand,angular,1.0
739,FAB43889M,Head_LeftHand,linear,1.0
740,FAB43889M,Head_LeftHand,linear_angular,1.0
741,FAB43889M,Head_RightHand,angular,1.0
742,FAB43889M,Head_RightHand,linear,1.0
743,FAB43889M,Head_RightHand,linear_angular,1.0
744,FAB43889M,Head_RightHand_LeftHand,angular,1.0
745,FAB43889M,Head_RightHand_LeftHand,linear,1.0
746,FAB43889M,Head_RightHand_LeftHand,linear_angular,1.0
747,FAB43889M,LeftHand,angular,1.0
748,FAB43889M,LeftHand,linear,1.0
749,FAB43889M,LeftHand,linear_angular,1.0
750,FAB43889M,RightHand,angular,1.0
751,FAB43889M,RightHand,linear,1.0
752,FAB43889M,RightHand,linear_angular,1.0
753,FAB43889M,RightHand_LeftHand,angular,1.0
754,FAB43889M,RightHand_LeftHand,linear,1.0
755,FAB43889M,RightHand_LeftHand,linear_angular,1.0
756,FAB45085F,Head,angular,1.0
757,FAB45085F,Head,linear,1.0
758,FAB45085F,Head,linear_angular,1.0
759,FAB45085F,Head_LeftHand,angular,1.0
760,FAB45085F,Head_LeftHand,linear,1.0
761,FAB45085F,Head_LeftHand,linear_angular,1.0
762,FAB45085F,Head_RightHand,angular,1.0
763,FAB45085F,Head_RightHand,linear,1.0
764,FAB45085F,Head_RightHand,linear_angular,1.0
765,FAB45085F,Head_RightHand_LeftHand,angular,1.0
766,FAB45085F,Head_RightHand_LeftHand,linear,1.0
767,FAB45085F,Head_RightHand_LeftHand,linear_angular,1.0
768,FAB45085F,LeftHand,angular,1.0
769,FAB45085F,LeftHand,linear,1.0
770,FAB45085F,LeftHand,linear_angular,0.5
771,FAB45085F,RightHand,angular,0.5
772,FAB45085F,RightHand,linear,1.0
773,FAB45085F,RightHand,linear_angular,1.0
774,FAB45085F,RightHand_LeftHand,angular,1.0
775,FAB45085F,RightHand_LeftHand,linear,1.0
776,FAB45085F,RightHand_LeftHand,linear_angular,1.0
777,FAB45306F,Head,angular,1.0
778,FAB45306F,Head,linear,1.0
779,FAB45306F,Head,linear_angular,1.0
780,FAB45306F,Head_LeftHand,angular,1.0
781,FAB45306F,Head_LeftHand,linear,1.0
782,FAB45306F,Head_LeftHand,linear_angular,1.0
783,FAB45306F,Head_RightHand,angular,1.0
784,FAB45306F,Head_RightHand,linear,1.0
785,FAB45306F,Head_RightHand,linear_angular,1.0
786,FAB45306F,Head_RightHand_LeftHand,angular,1.0
787,FAB45306F,Head_RightHand_LeftHand,linear,1.0
788,FAB45306F,Head_RightHand_LeftHand,linear_angular,1.0
789,FAB45306F,LeftHand,angular,1.0
790,FAB45306F,LeftHand,linear,1.0
791,FAB45306F,LeftHand,linear_angular,1.0
792,FAB45306F,RightHand,angular,1.0
793,FAB45306F,RightHand,linear,1.0
794,FAB45306F,RightHand,linear_angular,1.0
795,FAB45306F,RightHand_LeftHand,angular,1.0
796,FAB45306F,RightHand_LeftHand,linear,1.0
797,FAB45306F,RightHand_LeftHand,linear_angular,1.0
798,FAB45958M,Head,angular,1.0
799,FAB45958M,Head,linear,1.0
800,FAB45958M,Head,linear_angular,1.0
801,FAB45958M,Head_LeftHand,angular,1.0
802,FAB45958M,Head_LeftHand,linear,1.0
803,FAB45958M,Head_LeftHand,linear_angular,1.0
804,FAB45958M,Head_RightHand,angular,1.0
805,FAB45958M,Head_RightHand,linear,1.0
806,FAB45958M,Head_RightHand,linear_angular,1.0
807,FAB45958M,Head_RightHand_LeftHand,angular,1.0
808,FAB45958M,Head_RightHand_LeftHand,linear,1.0
809,FAB45958M,Head_RightHand_LeftHand,linear_angular,1.0
810,FAB45958M,LeftHand,angular,1.0
811,FAB45958M,LeftHand,linear,1.0
812,FAB45958M,LeftHand,linear_angular,1.0
813,FAB45958M,RightHand,angular,1.0
814,FAB45958M,RightHand,linear,1.0
815,FAB45958M,RightHand,linear_angular,1.0
816,FAB45958M,RightHand_LeftHand,angular,1.0
817,FAB45958M,RightHand_LeftHand,linear,1.0
818,FAB45958M,RightHand_LeftHand,linear_angular,1.0
819,FAB45975F,Head,angular,1.0
820,FAB45975F,Head,linear,1.0
821,FAB45975F,Head,linear_angular,0.5
822,FAB45975F,Head_LeftHand,angular,0.5
823,FAB45975F,Head_LeftHand,linear,1.0
824,FAB45975F,Head_LeftHand,linear_angular,0.5
825,FAB45975F,Head_RightHand,angular,0.5
826,FAB45975F,Head_RightHand,linear,0.5
827,FAB45975F,Head_RightHand,linear_angular,1.0
828,FAB45975F,Head_RightHand_LeftHand,angular,0.5
829,FAB45975F,Head_RightHand_LeftHand,linear,0.5
830,FAB45975F,Head_RightHand_LeftHand,linear_angular,0.5
831,FAB45975F,LeftHand,angular,0.5
832,FAB45975F,LeftHand,linear,1.0
833,FAB45975F,LeftHand,linear_angular,0.5
834,FAB45975F,RightHand,angular,0.5
835,FAB45975F,RightHand,linear,0.5
836,FAB45975F,RightHand,linear_angular,0.5
837,FAB45975F,RightHand_LeftHand,angular,0.5
838,FAB45975F,RightHand_LeftHand,linear,1.0
839,FAB45975F,RightHand_LeftHand,linear_angular,0.5
840,FAB46373M,Head,angular,1.0
841,FAB46373M,Head,linear,1.0
842,FAB46373M,Head,linear_angular,1.0
843,FAB46373M,Head_LeftHand,angular,1.0
844,FAB46373M,Head_LeftHand,linear,1.0
845,FAB46373M,Head_LeftHand,linear_angular,1.0
846,FAB46373M,Head_RightHand,angular,1.0
847,FAB46373M,Head_RightHand,linear,0.5
848,FAB46373M,Head_RightHand,linear_angular,1.0
849,FAB46373M,Head_RightHand_LeftHand,angular,1.0
850,FAB46373M,Head_RightHand_LeftHand,linear,1.0
851,FAB46373M,Head_RightHand_LeftHand,linear_angular,1.0
852,FAB46373M,LeftHand,angular,1.0
853,FAB46373M,LeftHand,linear,1.0
854,FAB46373M,LeftHand,linear_angular,1.0
855,FAB46373M,RightHand,angular,1.0
856,FAB46373M,RightHand,linear,1.0
857,FAB46373M,RightHand,linear_angular,1.0
858,FAB46373M,RightHand_LeftHand,angular,1.0
859,FAB46373M,RightHand_LeftHand,linear,1.0
860,FAB46373M,RightHand_LeftHand,linear_angular,1.0
861,FAB48763F,Head,angular,1.0
862,FAB48763F,Head,linear,1.0
863,FAB48763F,Head,linear_angular,1.0
864,FAB48763F,Head_LeftHand,angular,1.0
865,FAB48763F,Head_LeftHand,linear,1.0
866,FAB48763F,Head_LeftHand,linear_angular,1.0
867,FAB48763F,Head_RightHand,angular,1.0
868,FAB48763F,Head_RightHand,linear,1.0
869,FAB48763F,Head_RightHand,linear_angular,1.0
870,FAB48763F,Head_RightHand_LeftHand,angular,1.0
871,FAB48763F,Head_RightHand_LeftHand,linear,1.0
872,FAB48763F,Head_RightHand_LeftHand,linear_angular,1.0
873,FAB48763F,LeftHand,angular,1.0
874,FAB48763F,LeftHand,linear,1.0
875,FAB48763F,LeftHand,linear_angular,1.0
876,FAB48763F,RightHand,angular,1.0
877,FAB48763F,RightHand,linear,1.0
878,FAB48763F,RightHand,linear_angular,1.0
879,FAB48763F,RightHand_LeftHand,angular,1.0
880,FAB48763F,RightHand_LeftHand,linear,1.0
881,FAB48763F,RightHand_LeftHand,linear_angular,1.0
882,FAB50464F,Head,angular,1.0
883,FAB50464F,Head,linear,1.0
884,FAB50464F,Head,linear_angular,1.0
885,FAB50464F,Head_LeftHand,angular,1.0
886,FAB50464F,Head_LeftHand,linear,1.0
887,FAB50464F,Head_LeftHand,linear_angular,1.0
888,FAB50464F,Head_RightHand,angular,1.0
889,FAB50464F,Head_RightHand,linear,1.0
890,FAB50464F,Head_RightHand,linear_angular,1.0
891,FAB50464F,Head_RightHand_LeftHand,angular,1.0
892,FAB50464F,Head_RightHand_LeftHand,linear,1.0
893,FAB50464F,Head_RightHand_LeftHand,linear_angular,1.0
894,FAB50464F,LeftHand,angular,1.0
895,FAB50464F,LeftHand,linear,1.0
896,FAB50464F,LeftHand,linear_angular,1.0
897,FAB50464F,RightHand,angular,1.0
898,FAB50464F,RightHand,linear,1.0
899,FAB50464F,RightHand,linear_angular,1.0
900,FAB50464F,RightHand_LeftHand,angular,1.0
901,FAB50464F,RightHand_LeftHand,linear,1.0
902,FAB50464F,RightHand_LeftHand,linear_angular,1.0
903,FAB50469M,Head,angular,1.0
904,FAB50469M,Head,linear,0.5
905,FAB50469M,Head,linear_angular,1.0
906,FAB50469M,Head_LeftHand,angular,1.0
907,FAB50469M,Head_LeftHand,linear,0.5
908,FAB50469M,Head_LeftHand,linear_angular,1.0
909,FAB50469M,Head_RightHand,angular,1.0
910,FAB50469M,Head_RightHand,linear,0.0
911,FAB50469M,Head_RightHand,linear_angular,1.0
912,FAB50469M,Head_RightHand_LeftHand,angular,1.0
913,FAB50469M,Head_RightHand_LeftHand,linear,1.0
914,FAB50469M,Head_RightHand_LeftHand,linear_angular,1.0
915,FAB50469M,LeftHand,angular,1.0
916,FAB50469M,LeftHand,linear,1.0
917,FAB50469M,LeftHand,linear_angular,1.0
918,FAB50469M,RightHand,angular,1.0
919,FAB50469M,RightHand,linear,0.5
920,FAB50469M,RightHand,linear_angular,1.0
921,FAB50469M,RightHand_LeftHand,angular,1.0
922,FAB50469M,RightHand_LeftHand,linear,1.0
923,FAB50469M,RightHand_LeftHand,linear_angular,1.0
924,FAB52729M,Head,angular,1.0
925,FAB52729M,Head,linear,1.0
926,FAB52729M,Head,linear_angular,1.0
927,FAB52729M,Head_LeftHand,angular,1.0
928,FAB52729M,Head_LeftHand,linear,1.0
929,FAB52729M,Head_LeftHand,linear_angular,1.0
930,FAB52729M,Head_RightHand,angular,0.5
931,FAB52729M,Head_RightHand,linear,1.0
932,FAB52729M,Head_RightHand,linear_angular,1.0
933,FAB52729M,Head_RightHand_LeftHand,angular,1.0
934,FAB52729M,Head_RightHand_LeftHand,linear,1.0
935,FAB52729M,Head_RightHand_LeftHand,linear_angular,1.0
936,FAB52729M,LeftHand,angular,1.0
937,FAB52729M,LeftHand,linear,0.5
938,FAB52729M,LeftHand,linear_angular,1.0
939,FAB52729M,RightHand,angular,0.5
940,FAB52729M,RightHand,linear,1.0
941,FAB52729M,RightHand,linear_angular,1.0
942,FAB52729M,RightHand_LeftHand,angular,1.0
943,FAB52729M,RightHand_LeftHand,linear,1.0
944,FAB52729M,RightHand_LeftHand,linear_angular,1.0
945,FAB54272M,Head,angular,1.0
946,FAB54272M,Head,linear,1.0
947,FAB54272M,Head,linear_angular,1.0
948,FAB54272M,Head_LeftHand,angular,1.0
949,FAB54272M,Head_LeftHand,linear,1.0
950,FAB54272M,Head_LeftHand,linear_angular,1.0
951,FAB54272M,Head_RightHand,angular,1.0
952,FAB54272M,Head_RightHand,linear,1.0
953,FAB54272M,Head_RightHand,linear_angular,1.0
954,FAB54272M,Head_RightHand_LeftHand,angular,1.0
955,FAB54272M,Head_RightHand_LeftHand,linear,1.0
956,FAB54272M,Head_RightHand_LeftHand,linear_angular,1.0
957,FAB54272M,LeftHand,angular,1.0
958,FAB54272M,LeftHand,linear,1.0
959,FAB54272M,LeftHand,linear_angular,1.0
960,FAB54272M,RightHand,angular,1.0
961,FAB54272M,RightHand,linear,1.0
962,FAB54272M,RightHand,linear_angular,1.0
963,FAB54272M,RightHand_LeftHand,angular,1.0
964,FAB54272M,RightHand_LeftHand,linear,1.0
965,FAB54272M,RightHand_LeftHand,linear_angular,1.0
966,FAB55695M,Head,angular,1.0
967,FAB55695M,Head,linear,1.0
968,FAB55695M,Head,linear_angular,1.0
969,FAB55695M,Head_LeftHand,angular,1.0
970,FAB55695M,Head_LeftHand,linear,0.5
971,FAB55695M,Head_LeftHand,linear_angular,1.0
972,FAB55695M,Head_RightHand,angular,0.5
973,FAB55695M,Head_RightHand,linear,1.0
974,FAB55695M,Head_RightHand,linear_angular,0.5
975,FAB55695M,Head_RightHand_LeftHand,angular,0.5
976,FAB55695M,Head_RightHand_LeftHand,linear,1.0
977,FAB55695M,Head_RightHand_LeftHand,linear_angular,1.0
978,FAB55695M,LeftHand,angular,0.5
979,FAB55695M,LeftHand,linear,0.5
980,FAB55695M,LeftHand,linear_angular,1.0
981,FAB55695M,RightHand,angular,0.5
982,FAB55695M,RightHand,linear,1.0
983,FAB55695M,RightHand,linear_angular,0.5
984,FAB55695M,RightHand_LeftHand,angular,0.5
985,FAB55695M,RightHand_LeftHand,linear,1.0
986,FAB55695M,RightHand_LeftHand,linear_angular,0.5
987,FAB56743M,Head,angular,1.0
988,FAB56743M,Head,linear,1.0
989,FAB56743M,Head,linear_angular,1.0
990,FAB56743M,Head_LeftHand,angular,1.0
991,FAB56743M,Head_LeftHand,linear,1.0
992,FAB56743M,Head_LeftHand,linear_angular,1.0
993,FAB56743M,Head_RightHand,angular,1.0
994,FAB56743M,Head_RightHand,linear,1.0
995,FAB56743M,Head_RightHand,linear_angular,1.0
996,FAB56743M,Head_RightHand_LeftHand,angular,1.0
997,FAB56743M,Head_RightHand_LeftHand,linear,1.0
998,FAB56743M,Head_RightHand_LeftHand,linear_angular,1.0
999,FAB56743M,LeftHand,angular,1.0
1000,FAB56743M,LeftHand,linear,0.5
1001,FAB56743M,LeftHand,linear_angular,1.0
1002,FAB56743M,RightHand,angular,1.0
1003,FAB56743M,RightHand,linear,1.0
1004,FAB56743M,RightHand,linear_angular,1.0
1005,FAB56743M,RightHand_LeftHand,angular,1.0
1006,FAB56743M,RightHand_LeftHand,linear,1.0
1007,FAB56743M,RightHand_LeftHand,linear_angular,1.0
1008,FAB57723M,Head,angular,1.0
1009,FAB57723M,Head,linear,1.0
1010,FAB57723M,Head,linear_angular,1.0
1011,FAB57723M,Head_LeftHand,angular,1.0
1012,FAB57723M,Head_LeftHand,linear,1.0
1013,FAB57723M,Head_LeftHand,linear_angular,1.0
1014,FAB57723M,Head_RightHand,angular,1.0
1015,FAB57723M,Head_RightHand,linear,0.5
1016,FAB57723M,Head_RightHand,linear_angular,1.0
1017,FAB57723M,Head_RightHand_LeftHand,angular,1.0
1018,FAB57723M,Head_RightHand_LeftHand,linear,1.0
1019,FAB57723M,Head_RightHand_LeftHand,linear_angular,1.0
1020,FAB57723M,LeftHand,angular,1.0
1021,FAB57723M,LeftHand,linear,1.0
1022,FAB57723M,LeftHand,linear_angular,1.0
1023,FAB57723M,RightHand,angular,1.0
1024,FAB57723M,RightHand,linear,0.5
1025,FAB57723M,RightHand,linear_angular,1.0
1026,FAB57723M,RightHand_LeftHand,angular,1.0
1027,FAB57723M,RightHand_LeftHand,linear,0.5
1028,FAB57723M,RightHand_LeftHand,linear_angular,1.0
1029,FAB58430M,Head,angular,1.0
1030,FAB58430M,Head,linear,1.0
1031,FAB58430M,Head,linear_angular,1.0
1032,FAB58430M,Head_LeftHand,angular,1.0
1033,FAB58430M,Head_LeftHand,linear,1.0
1034,FAB58430M,Head_LeftHand,linear_angular,1.0
1035,FAB58430M,Head_RightHand,angular,1.0
1036,FAB58430M,Head_RightHand,linear,1.0
1037,FAB58430M,Head_RightHand,linear_angular,1.0
1038,FAB58430M,Head_RightHand_LeftHand,angular,1.0
1039,FAB58430M,Head_RightHand_LeftHand,linear,1.0
1040,FAB58430M,Head_RightHand_LeftHand,linear_angular,1.0
1041,FAB58430M,LeftHand,angular,1.0
1042,FAB58430M,LeftHand,linear,1.0
1043,FAB58430M,LeftHand,linear_angular,1.0
1044,FAB58430M,RightHand,angular,1.0
1045,FAB58430M,RightHand,linear,1.0
1046,FAB58430M,RightHand,linear_angular,1.0
1047,FAB58430M,RightHand_LeftHand,angular,1.0
1048,FAB58430M,RightHand_LeftHand,linear,1.0
1049,FAB58430M,RightHand_LeftHand,linear_angular,1.0
1050,FAB59020M,Head,angular,1.0
1051,FAB59020M,Head,linear,1.0
1052,FAB59020M,Head,linear_angular,1.0
1053,FAB59020M,Head_LeftHand,angular,1.0
1054,FAB59020M,Head_LeftHand,linear,1.0
1055,FAB59020M,Head_LeftHand,linear_angular,1.0
1056,FAB59020M,Head_RightHand,angular,1.0
1057,FAB59020M,Head_RightHand,linear,1.0
1058,FAB59020M,Head_RightHand,linear_angular,1.0
1059,FAB59020M,Head_RightHand_LeftHand,angular,1.0
1060,FAB59020M,Head_RightHand_LeftHand,linear,1.0
1061,FAB59020M,Head_RightHand_LeftHand,linear_angular,1.0
1062,FAB59020M,LeftHand,angular,1.0
1063,FAB59020M,LeftHand,linear,1.0
1064,FAB59020M,LeftHand,linear_angular,1.0
1065,FAB59020M,RightHand,angular,1.0
1066,FAB59020M,RightHand,linear,1.0
1067,FAB59020M,RightHand,linear_angular,1.0
1068,FAB59020M,RightHand_LeftHand,angular,1.0
1069,FAB59020M,RightHand_LeftHand,linear,1.0
1070,FAB59020M,RightHand_LeftHand,linear_angular,1.0
1071,FAB60184F,Head,angular,1.0
1072,FAB60184F,Head,linear,1.0
1073,FAB60184F,Head,linear_angular,0.5
1074,FAB60184F,Head_LeftHand,angular,0.5
1075,FAB60184F,Head_LeftHand,linear,1.0
1076,FAB60184F,Head_LeftHand,linear_angular,0.5
1077,FAB60184F,Head_RightHand,angular,1.0
1078,FAB60184F,Head_RightHand,linear,1.0
1079,FAB60184F,Head_RightHand,linear_angular,1.0
1080,FAB60184F,Head_RightHand_LeftHand,angular,1.0
1081,FAB60184F,Head_RightHand_LeftHand,linear,0.5
1082,FAB60184F,Head_RightHand_LeftHand,linear_angular,1.0
1083,FAB60184F,LeftHand,angular,1.0
1084,FAB60184F,LeftHand,linear,0.5
1085,FAB60184F,LeftHand,linear_angular,0.5
1086,FAB60184F,RightHand,angular,1.0
1087,FAB60184F,RightHand,linear,1.0
1088,FAB60184F,RightHand,linear_angular,1.0
1089,FAB60184F,RightHand_LeftHand,angular,1.0
1090,FAB60184F,RightHand_LeftHand,linear,1.0
1091,FAB60184F,RightHand_LeftHand,linear_angular,1.0
1092,FAB60610M,Head,angular,1.0
1093,FAB60610M,Head,linear,1.0
1094,FAB60610M,Head,linear_angular,1.0
1095,FAB60610M,Head_LeftHand,angular,1.0
1096,FAB60610M,Head_LeftHand,linear,1.0
1097,FAB60610M,Head_LeftHand,linear_angular,1.0
1098,FAB60610M,Head_RightHand,angular,1.0
1099,FAB60610M,Head_RightHand,linear,1.0
1100,FAB60610M,Head_RightHand,linear_angular,1.0
1101,FAB60610M,Head_RightHand_LeftHand,angular,1.0
1102,FAB60610M,Head_RightHand_LeftHand,linear,1.0
1103,FAB60610M,Head_RightHand_LeftHand,linear_angular,1.0
1104,FAB60610M,LeftHand,angular,1.0
1105,FAB60610M,LeftHand,linear,0.5
1106,FAB60610M,LeftHand,linear_angular,1.0
1107,FAB60610M,RightHand,angular,1.0
1108,FAB60610M,RightHand,linear,1.0
1109,FAB60610M,RightHand,linear_angular,1.0
1110,FAB60610M,RightHand_LeftHand,angular,1.0
1111,FAB60610M,RightHand_LeftHand,linear,1.0
1112,FAB60610M,RightHand_LeftHand,linear_angular,1.0
1113,FAB60686M,Head,angular,0.0
1114,FAB60686M,Head,linear,0.5
1115,FAB60686M,Head,linear_angular,0.5
1116,FAB60686M,Head_LeftHand,angular,0.5
1117,FAB60686M,Head_LeftHand,linear,0.5
1118,FAB60686M,Head_LeftHand,linear_angular,0.5
1119,FAB60686M,Head_RightHand,angular,0.0
1120,FAB60686M,Head_RightHand,linear,0.5
1121,FAB60686M,Head_RightHand,linear_angular,0.5
1122,FAB60686M,Head_RightHand_LeftHand,angular,0.5
1123,FAB60686M,Head_RightHand_LeftHand,linear,0.5
1124,FAB60686M,Head_RightHand_LeftHand,linear_angular,1.0
1125,FAB60686M,LeftHand,angular,0.5
1126,FAB60686M,LeftHand,linear,0.5
1127,FAB60686M,LeftHand,linear_angular,0.5
1128,FAB60686M,RightHand,angular,0.5
1129,FAB60686M,RightHand,linear,0.5
1130,FAB60686M,RightHand,linear_angular,1.0
1131,FAB60686M,RightHand_LeftHand,angular,0.5
1132,FAB60686M,RightHand_LeftHand,linear,0.5
1133,FAB60686M,RightHand_LeftHand,linear_angular,1.0
1134,FAB61038F,Head,angular,1.0
1135,FAB61038F,Head,linear,1.0
1136,FAB61038F,Head,linear_angular,1.0
1137,FAB61038F,Head_LeftHand,angular,1.0
1138,FAB61038F,Head_LeftHand,linear,1.0
1139,FAB61038F,Head_LeftHand,linear_angular,1.0
1140,FAB61038F,Head_RightHand,angular,1.0
1141,FAB61038F,Head_RightHand,linear,1.0
1142,FAB61038F,Head_RightHand,linear_angular,1.0
1143,FAB61038F,Head_RightHand_LeftHand,angular,1.0
1144,FAB61038F,Head_RightHand_LeftHand,linear,1.0
1145,FAB61038F,Head_RightHand_LeftHand,linear_angular,1.0
1146,FAB61038F,LeftHand,angular,1.0
1147,FAB61038F,LeftHand,linear,1.0
1148,FAB61038F,LeftHand,linear_angular,1.0
1149,FAB61038F,RightHand,angular,1.0
1150,FAB61038F,RightHand,linear,1.0
1151,FAB61038F,RightHand,linear_angular,1.0
1152,FAB61038F,RightHand_LeftHand,angular,1.0
1153,FAB61038F,RightHand_LeftHand,linear,1.0
1154,FAB61038F,RightHand_LeftHand,linear_angular,1.0
1155,FAB62159M,Head,angular,1.0
1156,FAB62159M,Head,linear,0.5
1157,FAB62159M,Head,linear_angular,1.0
1158,FAB62159M,Head_LeftHand,angular,1.0
1159,FAB62159M,Head_LeftHand,linear,1.0
1160,FAB62159M,Head_LeftHand,linear_angular,1.0
1161,FAB62159M,Head_RightHand,angular,1.0
1162,FAB62159M,Head_RightHand,linear,1.0
1163,FAB62159M,Head_RightHand,linear_angular,1.0
1164,FAB62159M,Head_RightHand_LeftHand,angular,1.0
1165,FAB62159M,Head_RightHand_LeftHand,linear,0.5
1166,FAB62159M,Head_RightHand_LeftHand,linear_angular,1.0
1167,FAB62159M,LeftHand,angular,1.0
1168,FAB62159M,LeftHand,linear,0.5
1169,FAB62159M,LeftHand,linear_angular,1.0
1170,FAB62159M,RightHand,angular,1.0
1171,FAB62159M,RightHand,linear,0.5
1172,FAB62159M,RightHand,linear_angular,1.0
1173,FAB62159M,RightHand_LeftHand,angular,1.0
1174,FAB62159M,RightHand_LeftHand,linear,1.0
1175,FAB62159M,RightHand_LeftHand,linear_angular,0.5
1176,FAB62905F,Head,angular,1.0
1177,FAB62905F,Head,linear,1.0
1178,FAB62905F,Head,linear_angular,1.0
1179,FAB62905F,Head_LeftHand,angular,0.5
1180,FAB62905F,Head_LeftHand,linear,1.0
1181,FAB62905F,Head_LeftHand,linear_angular,1.0
1182,FAB62905F,Head_RightHand,angular,1.0
1183,FAB62905F,Head_RightHand,linear,1.0
1184,FAB62905F,Head_RightHand,linear_angular,1.0
1185,FAB62905F,Head_RightHand_LeftHand,angular,1.0
1186,FAB62905F,Head_RightHand_LeftHand,linear,1.0
1187,FAB62905F,Head_RightHand_LeftHand,linear_angular,1.0
1188,FAB62905F,LeftHand,angular,1.0
1189,FAB62905F,LeftHand,linear,0.5
1190,FAB62905F,LeftHand,linear_angular,1.0
1191,FAB62905F,RightHand,angular,0.5
1192,FAB62905F,RightHand,linear,1.0
1193,FAB62905F,RightHand,linear_angular,1.0
1194,FAB62905F,RightHand_LeftHand,angular,1.0
1195,FAB62905F,RightHand_LeftHand,linear,1.0
1196,FAB62905F,RightHand_LeftHand,linear_angular,1.0
1197,FAB63558M,Head,angular,1.0
1198,FAB63558M,Head,linear,1.0
1199,FAB63558M,Head,linear_angular,1.0
1200,FAB63558M,Head_LeftHand,angular,1.0
1201,FAB63558M,Head_LeftHand,linear,0.5
1202,FAB63558M,Head_LeftHand,linear_angular,1.0
1203,FAB63558M,Head_RightHand,angular,1.0
1204,FAB63558M,Head_RightHand,linear,0.5
1205,FAB63558M,Head_RightHand,linear_angular,1.0
1206,FAB63558M,Head_RightHand_LeftHand,angular,1.0
1207,FAB63558M,Head_RightHand_LeftHand,linear,0.5
1208,FAB63558M,Head_RightHand_LeftHand,linear_angular,1.0
1209,FAB63558M,LeftHand,angular,1.0
1210,FAB63558M,LeftHand,linear,1.0
1211,FAB63558M,LeftHand,linear_angular,1.0
1212,FAB63558M,RightHand,angular,0.5
1213,FAB63558M,RightHand,linear,1.0
1214,FAB63558M,RightHand,linear_angular,0.0
1215,FAB63558M,RightHand_LeftHand,angular,1.0
1216,FAB63558M,RightHand_LeftHand,linear,1.0
1217,FAB63558M,RightHand_LeftHand,linear_angular,1.0
1218,FAB64182M,Head,angular,1.0
1219,FAB64182M,Head,linear,1.0
1220,FAB64182M,Head,linear_angular,1.0
1221,FAB64182M,Head_LeftHand,angular,1.0
1222,FAB64182M,Head_LeftHand,linear,1.0
1223,FAB64182M,Head_LeftHand,linear_angular,1.0
1224,FAB64182M,Head_RightHand,angular,1.0
1225,FAB64182M,Head_RightHand,linear,1.0
1226,FAB64182M,Head_RightHand,linear_angular,1.0
1227,FAB64182M,Head_RightHand_LeftHand,angular,1.0
1228,FAB64182M,Head_RightHand_LeftHand,linear,1.0
1229,FAB64182M,Head_RightHand_LeftHand,linear_angular,1.0
1230,FAB64182M,LeftHand,angular,1.0
1231,FAB64182M,LeftHand,linear,1.0
1232,FAB64182M,LeftHand,linear_angular,1.0
1233,FAB64182M,RightHand,angular,1.0
1234,FAB64182M,RightHand,linear,1.0
1235,FAB64182M,RightHand,linear_angular,1.0
1236,FAB64182M,RightHand_LeftHand,angular,1.0
1237,FAB64182M,RightHand_LeftHand,linear,1.0
1238,FAB64182M,RightHand_LeftHand,linear_angular,1.0
1239,FAB66558M,Head,angular,1.0
1240,FAB66558M,Head,linear,1.0
1241,FAB66558M,Head,linear_angular,1.0
1242,FAB66558M,Head_LeftHand,angular,1.0
1243,FAB66558M,Head_LeftHand,linear,1.0
1244,FAB66558M,Head_LeftHand,linear_angular,1.0
1245,FAB66558M,Head_RightHand,angular,1.0
1246,FAB66558M,Head_RightHand,linear,0.5
1247,FAB66558M,Head_RightHand,linear_angular,1.0
1248,FAB66558M,Head_RightHand_LeftHand,angular,1.0
1249,FAB66558M,Head_RightHand_LeftHand,linear,1.0
1250,FAB66558M,Head_RightHand_LeftHand,linear_angular,1.0
1251,FAB66558M,LeftHand,angular,1.0
1252,FAB66558M,LeftHand,linear,1.0
1253,FAB66558M,LeftHand,linear_angular,1.0
1254,FAB66558M,RightHand,angular,1.0
1255,FAB66558M,RightHand,linear,1.0
1256,FAB66558M,RightHand,linear_angular,1.0
1257,FAB66558M,RightHand_LeftHand,angular,1.0
1258,FAB66558M,RightHand_LeftHand,linear,1.0
1259,FAB66558M,RightHand_LeftHand,linear_angular,1.0
1260,FAB66731F,Head,angular,1.0
1261,FAB66731F,Head,linear,0.5
1262,FAB66731F,Head,linear_angular,1.0
1263,FAB66731F,Head_LeftHand,angular,1.0
1264,FAB66731F,Head_LeftHand,linear,1.0
1265,FAB66731F,Head_LeftHand,linear_angular,1.0
1266,FAB66731F,Head_RightHand,angular,1.0
1267,FAB66731F,Head_RightHand,linear,1.0
1268,FAB66731F,Head_RightHand,linear_angular,1.0
1269,FAB66731F,Head_RightHand_LeftHand,angular,1.0
1270,FAB66731F,Head_RightHand_LeftHand,linear,1.0
1271,FAB66731F,Head_RightHand_LeftHand,linear_angular,1.0
1272,FAB66731F,LeftHand,angular,1.0
1273,FAB66731F,LeftHand,linear,0.5
1274,FAB66731F,LeftHand,linear_angular,1.0
1275,FAB66731F,RightHand,angular,1.0
1276,FAB66731F,RightHand,linear,1.0
1277,FAB66731F,RightHand,linear_angular,1.0
1278,FAB66731F,RightHand_LeftHand,angular,1.0
1279,FAB66731F,RightHand_LeftHand,linear,1.0
1280,FAB66731F,RightHand_LeftHand,linear_angular,1.0
1281,FAB67564F,Head,angular,1.0
1282,FAB67564F,Head,linear,1.0
1283,FAB67564F,Head,linear_angular,1.0
1284,FAB67564F,Head_LeftHand,angular,1.0
1285,FAB67564F,Head_LeftHand,linear,1.0
1286,FAB67564F,Head_LeftHand,linear_angular,1.0
1287,FAB67564F,Head_RightHand,angular,0.5
1288,FAB67564F,Head_RightHand,linear,1.0
1289,FAB67564F,Head_RightHand,linear_angular,1.0
1290,FAB67564F,Head_RightHand_LeftHand,angular,1.0
1291,FAB67564F,Head_RightHand_LeftHand,linear,1.0
1292,FAB67564F,Head_RightHand_LeftHand,linear_angular,1.0
1293,FAB67564F,LeftHand,angular,1.0
1294,FAB67564F,LeftHand,linear,0.5
1295,FAB67564F,LeftHand,linear_angular,1.0
1296,FAB67564F,RightHand,angular,1.0
1297,FAB67564F,RightHand,linear,1.0
1298,FAB67564F,RightHand,linear_angular,1.0
1299,FAB67564F,RightHand_LeftHand,angular,1.0
1300,FAB67564F,RightHand_LeftHand,linear,1.0
1301,FAB67564F,RightHand_LeftHand,linear_angular,1.0
1302,FAB67616M,Head,angular,1.0
1303,FAB67616M,Head,linear,1.0
1304,FAB67616M,Head,linear_angular,1.0
1305,FAB67616M,Head_LeftHand,angular,1.0
1306,FAB67616M,Head_LeftHand,linear,1.0
1307,FAB67616M,Head_LeftHand,linear_angular,1.0
1308,FAB67616M,Head_RightHand,angular,1.0
1309,FAB67616M,Head_RightHand,linear,1.0
1310,FAB67616M,Head_RightHand,linear_angular,1.0
1311,FAB67616M,Head_RightHand_LeftHand,angular,1.0
1312,FAB67616M,Head_RightHand_LeftHand,linear,1.0
1313,FAB67616M,Head_RightHand_LeftHand,linear_angular,1.0
1314,FAB67616M,LeftHand,angular,1.0
1315,FAB67616M,LeftHand,linear,1.0
1316,FAB67616M,LeftHand,linear_angular,1.0
1317,FAB67616M,RightHand,angular,1.0
1318,FAB67616M,RightHand,linear,1.0
1319,FAB67616M,RightHand,linear_angular,1.0
1320,FAB67616M,RightHand_LeftHand,angular,1.0
1321,FAB67616M,RightHand_LeftHand,linear,1.0
1322,FAB67616M,RightHand_LeftHand,linear_angular,1.0
1323,FAB68232F,Head,angular,1.0
1324,FAB68232F,Head,linear,1.0
1325,FAB68232F,Head,linear_angular,1.0
1326,FAB68232F,Head_LeftHand,angular,1.0
1327,FAB68232F,Head_LeftHand,linear,1.0
1328,FAB68232F,Head_LeftHand,linear_angular,1.0
1329,FAB68232F,Head_RightHand,angular,1.0
1330,FAB68232F,Head_RightHand,linear,0.5
1331,FAB68232F,Head_RightHand,linear_angular,1.0
1332,FAB68232F,Head_RightHand_LeftHand,angular,1.0
1333,FAB68232F,Head_RightHand_LeftHand,linear,1.0
1334,FAB68232F,Head_RightHand_LeftHand,linear_angular,1.0
1335,FAB68232F,LeftHand,angular,1.0
1336,FAB68232F,LeftHand,linear,1.0
1337,FAB68232F,LeftHand,linear_angular,1.0
1338,FAB68232F,RightHand,angular,1.0
1339,FAB68232F,RightHand,linear,1.0
1340,FAB68232F,RightHand,linear_angular,0.5
1341,FAB68232F,RightHand_LeftHand,angular,1.0
1342,FAB68232F,RightHand_LeftHand,linear,1.0
1343,FAB68232F,RightHand_LeftHand,linear_angular,1.0
1344,FAB68275M,Head,angular,1.0
1345,FAB68275M,Head,linear,1.0
1346,FAB68275M,Head,linear_angular,0.5
1347,FAB68275M,Head_LeftHand,angular,0.5
1348,FAB68275M,Head_LeftHand,linear,1.0
1349,FAB68275M,Head_LeftHand,linear_angular,0.5
1350,FAB68275M,Head_RightHand,angular,1.0
1351,FAB68275M,Head_RightHand,linear,1.0
1352,FAB68275M,Head_RightHand,linear_angular,1.0
1353,FAB68275M,Head_RightHand_LeftHand,angular,0.5
1354,FAB68275M,Head_RightHand_LeftHand,linear,1.0
1355,FAB68275M,Head_RightHand_LeftHand,linear_angular,1.0
1356,FAB68275M,LeftHand,angular,0.5
1357,FAB68275M,LeftHand,linear,1.0
1358,FAB68275M,LeftHand,linear_angular,1.0
1359,FAB68275M,RightHand,angular,0.5
1360,FAB68275M,RightHand,linear,0.5
1361,FAB68275M,RightHand,linear_angular,0.5
1362,FAB68275M,RightHand_LeftHand,angular,0.5
1363,FAB68275M,RightHand_LeftHand,linear,1.0
1364,FAB68275M,RightHand_LeftHand,linear_angular,0.5
1365,FAB68308M,Head,angular,1.0
1366,FAB68308M,Head,linear,1.0
1367,FAB68308M,Head,linear_angular,1.0
1368,FAB68308M,Head_LeftHand,angular,1.0
1369,FAB68308M,Head_LeftHand,linear,1.0
1370,FAB68308M,Head_LeftHand,linear_angular,1.0
1371,FAB68308M,Head_RightHand,angular,1.0
1372,FAB68308M,Head_RightHand,linear,1.0
1373,FAB68308M,Head_RightHand,linear_angular,1.0
1374,FAB68308M,Head_RightHand_LeftHand,angular,1.0
1375,FAB68308M,Head_RightHand_LeftHand,linear,1.0
1376,FAB68308M,Head_RightHand_LeftHand,linear_angular,1.0
1377,FAB68308M,LeftHand,angular,1.0
1378,FAB68308M,LeftHand,linear,1.0
1379,FAB68308M,LeftHand,linear_angular,1.0
1380,FAB68308M,RightHand,angular,1.0
1381,FAB68308M,RightHand,linear,1.0
1382,FAB68308M,RightHand,linear_angular,1.0
1383,FAB68308M,RightHand_LeftHand,angular,1.0
1384,FAB68308M,RightHand_LeftHand,linear,1.0
1385,FAB68308M,RightHand_LeftHand,linear_angular,1.0
1386,FAB68627M,Head,angular,1.0
1387,FAB68627M,Head,linear,1.0
1388,FAB68627M,Head,linear_angular,1.0
1389,FAB68627M,Head_LeftHand,angular,1.0
1390,FAB68627M,Head_LeftHand,linear,1.0
1391,FAB68627M,Head_LeftHand,linear_angular,1.0
1392,FAB68627M,Head_RightHand,angular,1.0
1393,FAB68627M,Head_RightHand,linear,1.0
1394,FAB68627M,Head_RightHand,linear_angular,1.0
1395,FAB68627M,Head_RightHand_LeftHand,angular,1.0
1396,FAB68627M,Head_RightHand_LeftHand,linear,1.0
1397,FAB68627M,Head_RightHand_LeftHand,linear_angular,1.0
1398,FAB68627M,LeftHand,angular,1.0
1399,FAB68627M,LeftHand,linear,1.0
1400,FAB68627M,LeftHand,linear_angular,1.0
1401,FAB68627M,RightHand,angular,1.0
1402,FAB68627M,RightHand,linear,1.0
1403,FAB68627M,RightHand,linear_angular,0.5
1404,FAB68627M,RightHand_LeftHand,angular,1.0
1405,FAB68627M,RightHand_LeftHand,linear,1.0
1406,FAB68627M,RightHand_LeftHand,linear_angular,1.0
1407,FAB70206M,Head,angular,0.5
1408,FAB70206M,Head,linear,0.5
1409,FAB70206M,Head,linear_angular,0.5
1410,FAB70206M,Head_LeftHand,angular,0.5
1411,FAB70206M,Head_LeftHand,linear,0.5
1412,FAB70206M,Head_LeftHand,linear_angular,0.5
1413,FAB70206M,Head_RightHand,angular,0.5
1414,FAB70206M,Head_RightHand,linear,1.0
1415,FAB70206M,Head_RightHand,linear_angular,1.0
1416,FAB70206M,Head_RightHand_LeftHand,angular,0.5
1417,FAB70206M,Head_RightHand_LeftHand,linear,0.0
1418,FAB70206M,Head_RightHand_LeftHand,linear_angular,0.0
1419,FAB70206M,LeftHand,angular,0.5
1420,FAB70206M,LeftHand,linear,0.5
1421,FAB70206M,LeftHand,linear_angular,0.5
1422,FAB70206M,RightHand,angular,0.5
1423,FAB70206M,RightHand,linear,0.5
1424,FAB70206M,RightHand,linear_angular,0.5
1425,FAB70206M,RightHand_LeftHand,angular,0.5
1426,FAB70206M,RightHand_LeftHand,linear,1.0
1427,FAB70206M,RightHand_LeftHand,linear_angular,1.0
1428,FAB71291M,Head,angular,1.0
1429,FAB71291M,Head,linear,1.0
1430,FAB71291M,Head,linear_angular,1.0
1431,FAB71291M,Head_LeftHand,angular,1.0
1432,FAB71291M,Head_LeftHand,linear,1.0
1433,FAB71291M,Head_LeftHand,linear_angular,1.0
1434,FAB71291M,Head_RightHand,angular,1.0
1435,FAB71291M,Head_RightHand,linear,1.0
1436,FAB71291M,Head_RightHand,linear_angular,1.0
1437,FAB71291M,Head_RightHand_LeftHand,angular,1.0
1438,FAB71291M,Head_RightHand_LeftHand,linear,1.0
1439,FAB71291M,Head_RightHand_LeftHand,linear_angular,1.0
1440,FAB71291M,LeftHand,angular,1.0
1441,FAB71291M,LeftHand,linear,1.0
1442,FAB71291M,LeftHand,linear_angular,1.0
1443,FAB71291M,RightHand,angular,1.0
1444,FAB71291M,RightHand,linear,1.0
1445,FAB71291M,RightHand,linear_angular,1.0
1446,FAB71291M,RightHand_LeftHand,angular,1.0
1447,FAB71291M,RightHand_LeftHand,linear,1.0
1448,FAB71291M,RightHand_LeftHand,linear_angular,1.0
1449,FAB71520F,Head,angular,1.0
1450,FAB71520F,Head,linear,1.0
1451,FAB71520F,Head,linear_angular,0.5
1452,FAB71520F,Head_LeftHand,angular,0.5
1453,FAB71520F,Head_LeftHand,linear,1.0
1454,FAB71520F,Head_LeftHand,linear_angular,0.5
1455,FAB71520F,Head_RightHand,angular,0.5
1456,FAB71520F,Head_RightHand,linear,0.5
1457,FAB71520F,Head_RightHand,linear_angular,0.5
1458,FAB71520F,Head_RightHand_LeftHand,angular,0.5
1459,FAB71520F,Head_RightHand_LeftHand,linear,0.5
1460,FAB71520F,Head_RightHand_LeftHand,linear_angular,0.5
1461,FAB71520F,LeftHand,angular,0.5
1462,FAB71520F,LeftHand,linear,0.5
1463,FAB71520F,LeftHand,linear_angular,1.0
1464,FAB71520F,RightHand,angular,0.5
1465,FAB71520F,RightHand,linear,1.0
1466,FAB71520F,RightHand,linear_angular,0.5
1467,FAB71520F,RightHand_LeftHand,angular,1.0
1468,FAB71520F,RightHand_LeftHand,linear,1.0
1469,FAB71520F,RightHand_LeftHand,linear_angular,1.0
1470,FAB71966M,Head,angular,1.0
1471,FAB71966M,Head,linear,0.5
1472,FAB71966M,Head,linear_angular,0.5
1473,FAB71966M,Head_LeftHand,angular,0.5
1474,FAB71966M,Head_LeftHand,linear,0.5
1475,FAB71966M,Head_LeftHand,linear_angular,0.5
1476,FAB71966M,Head_RightHand,angular,0.5
1477,FAB71966M,Head_RightHand,linear,0.5
1478,FAB71966M,Head_RightHand,linear_angular,0.5
1479,FAB71966M,Head_RightHand_LeftHand,angular,1.0
1480,FAB71966M,Head_RightHand_LeftHand,linear,1.0
1481,FAB71966M,Head_RightHand_LeftHand,linear_angular,1.0
1482,FAB71966M,LeftHand,angular,0.5
1483,FAB71966M,LeftHand,linear,1.0
1484,FAB71966M,LeftHand,linear_angular,1.0
1485,FAB71966M,RightHand,angular,0.5
1486,FAB71966M,RightHand,linear,0.5
1487,FAB71966M,RightHand,linear_angular,1.0
1488,FAB71966M,RightHand_LeftHand,angular,1.0
1489,FAB71966M,RightHand_LeftHand,linear,1.0
1490,FAB71966M,RightHand_LeftHand,linear_angular,1.0
1491,FAB72162F,Head,angular,1.0
1492,FAB72162F,Head,linear,0.5
1493,FAB72162F,Head,linear_angular,1.0
1494,FAB72162F,Head_LeftHand,angular,1.0
1495,FAB72162F,Head_LeftHand,linear,1.0
1496,FAB72162F,Head_LeftHand,linear_angular,1.0
1497,FAB72162F,Head_RightHand,angular,0.5
1498,FAB72162F,Head_RightHand,linear,1.0
1499,FAB72162F,Head_RightHand,linear_angular,1.0
1500,FAB72162F,Head_RightHand_LeftHand,angular,0.5
1501,FAB72162F,Head_RightHand_LeftHand,linear,1.0
1502,FAB72162F,Head_RightHand_LeftHand,linear_angular,1.0
1503,FAB72162F,LeftHand,angular,0.0
1504,FAB72162F,LeftHand,linear,1.0
1505,FAB72162F,LeftHand,linear_angular,1.0
1506,FAB72162F,RightHand,angular,0.5
1507,FAB72162F,RightHand,linear,1.0
1508,FAB72162F,RightHand,linear_angular,0.5
1509,FAB72162F,RightHand_LeftHand,angular,0.0
1510,FAB72162F,RightHand_LeftHand,linear,1.0
1511,FAB72162F,RightHand_LeftHand,linear_angular,0.5
1512,FAB75290M,Head,angular,1.0
1513,FAB75290M,Head,linear,1.0
1514,FAB75290M,Head,linear_angular,0.5
1515,FAB75290M,Head_LeftHand,angular,1.0
1516,FAB75290M,Head_LeftHand,linear,0.5
1517,FAB75290M,Head_LeftHand,linear_angular,1.0
1518,FAB75290M,Head_RightHand,angular,0.5
1519,FAB75290M,Head_RightHand,linear,1.0
1520,FAB75290M,Head_RightHand,linear_angular,0.5
1521,FAB75290M,Head_RightHand_LeftHand,angular,1.0
1522,FAB75290M,Head_RightHand_LeftHand,linear,1.0
1523,FAB75290M,Head_RightHand_LeftHand,linear_angular,1.0
1524,FAB75290M,LeftHand,angular,0.5
1525,FAB75290M,LeftHand,linear,0.5
1526,FAB75290M,LeftHand,linear_angular,1.0
1527,FAB75290M,RightHand,angular,1.0
1528,FAB75290M,RightHand,linear,1.0
1529,FAB75290M,RightHand,linear_angular,1.0
1530,FAB75290M,RightHand_LeftHand,angular,0.5
1531,FAB75290M,RightHand_LeftHand,linear,1.0
1532,FAB75290M,RightHand_LeftHand,linear_angular,1.0
1533,FAB77684F,Head,angular,1.0
1534,FAB77684F,Head,linear,1.0
1535,FAB77684F,Head,linear_angular,1.0
1536,FAB77684F,Head_LeftHand,angular,1.0
1537,FAB77684F,Head_LeftHand,linear,1.0
1538,FAB77684F,Head_LeftHand,linear_angular,1.0
1539,FAB77684F,Head_RightHand,angular,1.0
1540,FAB77684F,Head_RightHand,linear,1.0
1541,FAB77684F,Head_RightHand,linear_angular,1.0
1542,FAB77684F,Head_RightHand_LeftHand,angular,1.0
1543,FAB77684F,Head_RightHand_LeftHand,linear,1.0
1544,FAB77684F,Head_RightHand_LeftHand,linear_angular,1.0
1545,FAB77684F,LeftHand,angular,1.0
1546,FAB77684F,LeftHand,linear,1.0
1547,FAB77684F,LeftHand,linear_angular,1.0
1548,FAB77684F,RightHand,angular,1.0
1549,FAB77684F,RightHand,linear,1.0
1550,FAB77684F,RightHand,linear_angular,1.0
1551,FAB77684F,RightHand_LeftHand,angular,1.0
1552,FAB77684F,RightHand_LeftHand,linear,1.0
1553,FAB77684F,RightHand_LeftHand,linear_angular,1.0
1554,FAB78353M,Head,angular,1.0
1555,FAB78353M,Head,linear,1.0
1556,FAB78353M,Head,linear_angular,1.0
1557,FAB78353M,Head_LeftHand,angular,1.0
1558,FAB78353M,Head_LeftHand,linear,1.0
1559,FAB78353M,Head_LeftHand,linear_angular,1.0
1560,FAB78353M,Head_RightHand,angular,1.0
1561,FAB78353M,Head_RightHand,linear,1.0
1562,FAB78353M,Head_RightHand,linear_angular,1.0
1563,FAB78353M,Head_RightHand_LeftHand,angular,1.0
1564,FAB78353M,Head_RightHand_LeftHand,linear,1.0
1565,FAB78353M,Head_RightHand_LeftHand,linear_angular,1.0
1566,FAB78353M,LeftHand,angular,1.0
1567,FAB78353M,LeftHand,linear,1.0
1568,FAB78353M,LeftHand,linear_angular,1.0
1569,FAB78353M,RightHand,angular,1.0
1570,FAB78353M,RightHand,linear,1.0
1571,FAB78353M,RightHand,linear_angular,1.0
1572,FAB78353M,RightHand_LeftHand,angular,1.0
1573,FAB78353M,RightHand_LeftHand,linear,1.0
1574,FAB78353M,RightHand_LeftHand,linear_angular,1.0
1575,FAB78531F,Head,angular,1.0
1576,FAB78531F,Head,linear,1.0
1577,FAB78531F,Head,linear_angular,1.0
1578,FAB78531F,Head_LeftHand,angular,1.0
1579,FAB78531F,Head_LeftHand,linear,1.0
1580,FAB78531F,Head_LeftHand,linear_angular,1.0
1581,FAB78531F,Head_RightHand,angular,1.0
1582,FAB78531F,Head_RightHand,linear,1.0
1583,FAB78531F,Head_RightHand,linear_angular,1.0
1584,FAB78531F,Head_RightHand_LeftHand,angular,1.0
1585,FAB78531F,Head_RightHand_LeftHand,linear,1.0
1586,FAB78531F,Head_RightHand_LeftHand,linear_angular,1.0
1587,FAB78531F,LeftHand,angular,0.5
1588,FAB78531F,LeftHand,linear,1.0
1589,FAB78531F,LeftHand,linear_angular,1.0
1590,FAB78531F,RightHand,angular,1.0
1591,FAB78531F,RightHand,linear,1.0
1592,FAB78531F,RightHand,linear_angular,1.0
1593,FAB78531F,RightHand_LeftHand,angular,1.0
1594,FAB78531F,RightHand_LeftHand,linear,1.0
1595,FAB78531F,RightHand_LeftHand,linear_angular,1.0
1596,FAB79396F,Head,angular,0.5
1597,FAB79396F,Head,linear,0.5
1598,FAB79396F,Head,linear_angular,0.0
1599,FAB79396F,Head_LeftHand,angular,0.0
1600,FAB79396F,Head_LeftHand,linear,0.5
1601,FAB79396F,Head_LeftHand,linear_angular,0.0
1602,FAB79396F,Head_RightHand,angular,1.0
1603,FAB79396F,Head_RightHand,linear,1.0
1604,FAB79396F,Head_RightHand,linear_angular,1.0
1605,FAB79396F,Head_RightHand_LeftHand,angular,0.0
1606,FAB79396F,Head_RightHand_LeftHand,linear,1.0
1607,FAB79396F,Head_RightHand_LeftHand,linear_angular,0.5
1608,FAB79396F,LeftHand,angular,0.0
1609,FAB79396F,LeftHand,linear,0.5
1610,FAB79396F,LeftHand,linear_angular,0.5
1611,FAB79396F,RightHand,angular,1.0
1612,FAB79396F,RightHand,linear,0.5
1613,FAB79396F,RightHand,linear_angular,0.5
1614,FAB79396F,RightHand_LeftHand,angular,0.5
1615,FAB79396F,RightHand_LeftHand,linear,1.0
1616,FAB79396F,RightHand_LeftHand,linear_angular,0.5
1617,FAB79662M,Head,angular,1.0
1618,FAB79662M,Head,linear,1.0
1619,FAB79662M,Head,linear_angular,1.0
1620,FAB79662M,Head_LeftHand,angular,1.0
1621,FAB79662M,Head_LeftHand,linear,1.0
1622,FAB79662M,Head_LeftHand,linear_angular,1.0
1623,FAB79662M,Head_RightHand,angular,1.0
1624,FAB79662M,Head_RightHand,linear,1.0
1625,FAB79662M,Head_RightHand,linear_angular,1.0
1626,FAB79662M,Head_RightHand_LeftHand,angular,1.0
1627,FAB79662M,Head_RightHand_LeftHand,linear,1.0
1628,FAB79662M,Head_RightHand_LeftHand,linear_angular,1.0
1629,FAB79662M,LeftHand,angular,0.5
1630,FAB79662M,LeftHand,linear,0.5
1631,FAB79662M,LeftHand,linear_angular,1.0
1632,FAB79662M,RightHand,angular,1.0
1633,FAB79662M,RightHand,linear,1.0
1634,FAB79662M,RightHand,linear_angular,1.0
1635,FAB79662M,RightHand_LeftHand,angular,1.0
1636,FAB79662M,RightHand_LeftHand,linear,1.0
1637,FAB79662M,RightHand_LeftHand,linear_angular,1.0
1638,FAB81762M,Head,angular,1.0
1639,FAB81762M,Head,linear,1.0
1640,FAB81762M,Head,linear_angular,1.0
1641,FAB81762M,Head_LeftHand,angular,1.0
1642,FAB81762M,Head_LeftHand,linear,1.0
1643,FAB81762M,Head_LeftHand,linear_angular,1.0
1644,FAB81762M,Head_RightHand,angular,1.0
1645,FAB81762M,Head_RightHand,linear,1.0
1646,FAB81762M,Head_RightHand,linear_angular,1.0
1647,FAB81762M,Head_RightHand_LeftHand,angular,1.0
1648,FAB81762M,Head_RightHand_LeftHand,linear,1.0
1649,FAB81762M,Head_RightHand_LeftHand,linear_angular,1.0
1650,FAB81762M,LeftHand,angular,1.0
1651,FAB81762M,LeftHand,linear,0.5
1652,FAB81762M,LeftHand,linear_angular,1.0
1653,FAB81762M,RightHand,angular,0.5
1654,FAB81762M,RightHand,linear,1.0
1655,FAB81762M,RightHand,linear_angular,1.0
1656,FAB81762M,RightHand_LeftHand,angular,1.0
1657,FAB81762M,RightHand_LeftHand,linear,1.0
1658,FAB81762M,RightHand_LeftHand,linear_angular,1.0
1659,FAB82909M,Head,angular,1.0
1660,FAB82909M,Head,linear,1.0
1661,FAB82909M,Head,linear_angular,1.0
1662,FAB82909M,Head_LeftHand,angular,1.0
1663,FAB82909M,Head_LeftHand,linear,1.0
1664,FAB82909M,Head_LeftHand,linear_angular,1.0
1665,FAB82909M,Head_RightHand,angular,1.0
1666,FAB82909M,Head_RightHand,linear,1.0
1667,FAB82909M,Head_RightHand,linear_angular,1.0
1668,FAB82909M,Head_RightHand_LeftHand,angular,1.0
1669,FAB82909M,Head_RightHand_LeftHand,linear,1.0
1670,FAB82909M,Head_RightHand_LeftHand,linear_angular,1.0
1671,FAB82909M,LeftHand,angular,1.0
1672,FAB82909M,LeftHand,linear,1.0
1673,FAB82909M,LeftHand,linear_angular,1.0
1674,FAB82909M,RightHand,angular,1.0
1675,FAB82909M,RightHand,linear,1.0
1676,FAB82909M,RightHand,linear_angular,1.0
1677,FAB82909M,RightHand_LeftHand,angular,1.0
1678,FAB82909M,RightHand_LeftHand,linear,1.0
1679,FAB82909M,RightHand_LeftHand,linear_angular,1.0
1680,FAB83960M,Head,angular,1.0
1681,FAB83960M,Head,linear,1.0
1682,FAB83960M,Head,linear_angular,0.5
1683,FAB83960M,Head_LeftHand,angular,0.5
1684,FAB83960M,Head_LeftHand,linear,1.0
1685,FAB83960M,Head_LeftHand,linear_angular,0.5
1686,FAB83960M,Head_RightHand,angular,1.0
1687,FAB83960M,Head_RightHand,linear,1.0
1688,FAB83960M,Head_RightHand,linear_angular,1.0
1689,FAB83960M,Head_RightHand_LeftHand,angular,0.5
1690,FAB83960M,Head_RightHand_LeftHand,linear,0.5
1691,FAB83960M,Head_RightHand_LeftHand,linear_angular,0.5
1692,FAB83960M,LeftHand,angular,1.0
1693,FAB83960M,LeftHand,linear,1.0
1694,FAB83960M,LeftHand,linear_angular,1.0
1695,FAB83960M,RightHand,angular,0.5
1696,FAB83960M,RightHand,linear,1.0
1697,FAB83960M,RightHand,linear_angular,1.0
1698,FAB83960M,RightHand_LeftHand,angular,0.5
1699,FAB83960M,RightHand_LeftHand,linear,1.0
1700,FAB83960M,RightHand_LeftHand,linear_angular,0.5
1701,FAB85470F,Head,angular,1.0
1702,FAB85470F,Head,linear,1.0
1703,FAB85470F,Head,linear_angular,1.0
1704,FAB85470F,Head_LeftHand,angular,1.0
1705,FAB85470F,Head_LeftHand,linear,1.0
1706,FAB85470F,Head_LeftHand,linear_angular,1.0
1707,FAB85470F,Head_RightHand,angular,1.0
1708,FAB85470F,Head_RightHand,linear,1.0
1709,FAB85470F,Head_RightHand,linear_angular,1.0
1710,FAB85470F,Head_RightHand_LeftHand,angular,1.0
1711,FAB85470F,Head_RightHand_LeftHand,linear,1.0
1712,FAB85470F,Head_RightHand_LeftHand,linear_angular,1.0
1713,FAB85470F,LeftHand,angular,1.0
1714,FAB85470F,LeftHand,linear,1.0
1715,FAB85470F,LeftHand,linear_angular,1.0
1716,FAB85470F,RightHand,angular,1.0
1717,FAB85470F,RightHand,linear,1.0
1718,FAB85470F,RightHand,linear_angular,1.0
1719,FAB85470F,RightHand_LeftHand,angular,1.0
1720,FAB85470F,RightHand_LeftHand,linear,1.0
1721,FAB85470F,RightHand_LeftHand,linear_angular,1.0
1722,FAB85810F,Head,angular,1.0
1723,FAB85810F,Head,linear,1.0
1724,FAB85810F,Head,linear_angular,1.0
1725,FAB85810F,Head_LeftHand,angular,1.0
1726,FAB85810F,Head_LeftHand,linear,1.0
1727,FAB85810F,Head_LeftHand,linear_angular,1.0
1728,FAB85810F,Head_RightHand,angular,1.0
1729,FAB85810F,Head_RightHand,linear,1.0
1730,FAB85810F,Head_RightHand,linear_angular,1.0
1731,FAB85810F,Head_RightHand_LeftHand,angular,1.0
1732,FAB85810F,Head_RightHand_LeftHand,linear,1.0
1733,FAB85810F,Head_RightHand_LeftHand,linear_angular,1.0
1734,FAB85810F,LeftHand,angular,1.0
1735,FAB85810F,LeftHand,linear,1.0
1736,FAB85810F,LeftHand,linear_angular,1.0
1737,FAB85810F,RightHand,angular,1.0
1738,FAB85810F,RightHand,linear,1.0
1739,FAB85810F,RightHand,linear_angular,1.0
1740,FAB85810F,RightHand_LeftHand,angular,1.0
1741,FAB85810F,RightHand_LeftHand,linear,1.0
1742,FAB85810F,RightHand_LeftHand,linear_angular,1.0
1743,FAB86414M,Head,angular,1.0
1744,FAB86414M,Head,linear,1.0
1745,FAB86414M,Head,linear_angular,1.0
1746,FAB86414M,Head_LeftHand,angular,1.0
1747,FAB86414M,Head_LeftHand,linear,1.0
1748,FAB86414M,Head_LeftHand,linear_angular,1.0
1749,FAB86414M,Head_RightHand,angular,1.0
1750,FAB86414M,Head_RightHand,linear,1.0
1751,FAB86414M,Head_RightHand,linear_angular,1.0
1752,FAB86414M,Head_RightHand_LeftHand,angular,1.0
1753,FAB86414M,Head_RightHand_LeftHand,linear,1.0
1754,FAB86414M,Head_RightHand_LeftHand,linear_angular,1.0
1755,FAB86414M,LeftHand,angular,1.0
1756,FAB86414M,LeftHand,linear,1.0
1757,FAB86414M,LeftHand,linear_angular,1.0
1758,FAB86414M,RightHand,angular,1.0
1759,FAB86414M,RightHand,linear,1.0
1760,FAB86414M,RightHand,linear_angular,1.0
1761,FAB86414M,RightHand_LeftHand,angular,1.0
1762,FAB86414M,RightHand_LeftHand,linear,1.0
1763,FAB86414M,RightHand_LeftHand,linear_angular,1.0
1764,FAB90081F,Head,angular,1.0
1765,FAB90081F,Head,linear,1.0
1766,FAB90081F,Head,linear_angular,0.5
1767,FAB90081F,Head_LeftHand,angular,0.5
1768,FAB90081F,Head_LeftHand,linear,0.5
1769,FAB90081F,Head_LeftHand,linear_angular,1.0
1770,FAB90081F,Head_RightHand,angular,0.5
1771,FAB90081F,Head_RightHand,linear,1.0
1772,FAB90081F,Head_RightHand,linear_angular,0.5
1773,FAB90081F,Head_RightHand_LeftHand,angular,0.5
1774,FAB90081F,Head_RightHand_LeftHand,linear,1.0
1775,FAB90081F,Head_RightHand_LeftHand,linear_angular,1.0
1776,FAB90081F,LeftHand,angular,1.0
1777,FAB90081F,LeftHand,linear,0.5
1778,FAB90081F,LeftHand,linear_angular,1.0
1779,FAB90081F,RightHand,angular,0.5
1780,FAB90081F,RightHand,linear,1.0
1781,FAB90081F,RightHand,linear_angular,1.0
1782,FAB90081F,RightHand_LeftHand,angular,1.0
1783,FAB90081F,RightHand_LeftHand,linear,1.0
1784,FAB90081F,RightHand_LeftHand,linear_angular,1.0
1785,FAB90539M,Head,angular,0.5
1786,FAB90539M,Head,linear,1.0
1787,FAB90539M,Head,linear_angular,0.0
1788,FAB90539M,Head_LeftHand,angular,0.0
1789,FAB90539M,Head_LeftHand,linear,0.0
1790,FAB90539M,Head_LeftHand,linear_angular,0.0
1791,FAB90539M,Head_RightHand,angular,0.0
1792,FAB90539M,Head_RightHand,linear,1.0
1793,FAB90539M,Head_RightHand,linear_angular,0.0
1794,FAB90539M,Head_RightHand_LeftHand,angular,0.0
1795,FAB90539M,Head_RightHand_LeftHand,linear,1.0
1796,FAB90539M,Head_RightHand_LeftHand,linear_angular,1.0
1797,FAB90539M,LeftHand,angular,0.0
1798,FAB90539M,LeftHand,linear,0.0
1799,FAB90539M,LeftHand,linear_angular,0.5
1800,FAB90539M,RightHand,angular,0.5
1801,FAB90539M,RightHand,linear,1.0
1802,FAB90539M,RightHand,linear_angular,1.0
1803,FAB90539M,RightHand_LeftHand,angular,1.0
1804,FAB90539M,RightHand_LeftHand,linear,1.0
1805,FAB90539M,RightHand_LeftHand,linear_angular,1.0
1806,FAB90971F,Head,angular,1.0
1807,FAB90971F,Head,linear,1.0
1808,FAB90971F,Head,linear_angular,1.0
1809,FAB90971F,Head_LeftHand,angular,1.0
1810,FAB90971F,Head_LeftHand,linear,1.0
1811,FAB90971F,Head_LeftHand,linear_angular,1.0
1812,FAB90971F,Head_RightHand,angular,1.0
1813,FAB90971F,Head_RightHand,linear,1.0
1814,FAB90971F,Head_RightHand,linear_angular,1.0
1815,FAB90971F,Head_RightHand_LeftHand,angular,1.0
1816,FAB90971F,Head_RightHand_LeftHand,linear,1.0
1817,FAB90971F,Head_RightHand_LeftHand,linear_angular,1.0
1818,FAB90971F,LeftHand,angular,1.0
1819,FAB90971F,LeftHand,linear,1.0
1820,FAB90971F,LeftHand,linear_angular,0.5
1821,FAB90971F,RightHand,angular,1.0
1822,FAB90971F,RightHand,linear,1.0
1823,FAB90971F,RightHand,linear_angular,1.0
1824,FAB90971F,RightHand_LeftHand,angular,1.0
1825,FAB90971F,RightHand_LeftHand,linear,1.0
1826,FAB90971F,RightHand_LeftHand,linear_angular,1.0
1827,FAB91936F,Head,angular,1.0
1828,FAB91936F,Head,linear,1.0
1829,FAB91936F,Head,linear_angular,1.0
1830,FAB91936F,Head_LeftHand,angular,0.5
1831,FAB91936F,Head_LeftHand,linear,1.0
1832,FAB91936F,Head_LeftHand,linear_angular,1.0
1833,FAB91936F,Head_RightHand,angular,1.0
1834,FAB91936F,Head_RightHand,linear,0.5
1835,FAB91936F,Head_RightHand,linear_angular,1.0
1836,FAB91936F,Head_RightHand_LeftHand,angular,0.5
1837,FAB91936F,Head_RightHand_LeftHand,linear,1.0
1838,FAB91936F,Head_RightHand_LeftHand,linear_angular,1.0
1839,FAB91936F,LeftHand,angular,0.5
1840,FAB91936F,LeftHand,linear,0.5
1841,FAB91936F,LeftHand,linear_angular,1.0
1842,FAB91936F,RightHand,angular,1.0
1843,FAB91936F,RightHand,linear,0.5
1844,FAB91936F,RightHand,linear_angular,1.0
1845,FAB91936F,RightHand_LeftHand,angular,1.0
1846,FAB91936F,RightHand_LeftHand,linear,1.0
1847,FAB91936F,RightHand_LeftHand,linear_angular,1.0
1848,FAB92577F,Head,angular,1.0
1849,FAB92577F,Head,linear,1.0
1850,FAB92577F,Head,linear_angular,1.0
1851,FAB92577F,Head_LeftHand,angular,1.0
1852,FAB92577F,Head_LeftHand,linear,1.0
1853,FAB92577F,Head_LeftHand,linear_angular,1.0
1854,FAB92577F,Head_RightHand,angular,1.0
1855,FAB92577F,Head_RightHand,linear,1.0
1856,FAB92577F,Head_RightHand,linear_angular,1.0
1857,FAB92577F,Head_RightHand_LeftHand,angular,1.0
1858,FAB92577F,Head_RightHand_LeftHand,linear,1.0
1859,FAB92577F,Head_RightHand_LeftHand,linear_angular,1.0
1860,FAB92577F,LeftHand,angular,1.0
1861,FAB92577F,LeftHand,linear,1.0
1862,FAB92577F,LeftHand,linear_angular,1.0
1863,FAB92577F,RightHand,angular,1.0
1864,FAB92577F,RightHand,linear,1.0
1865,FAB92577F,RightHand,linear_angular,1.0
1866,FAB92577F,RightHand_LeftHand,angular,1.0
1867,FAB92577F,RightHand_LeftHand,linear,1.0
1868,FAB92577F,RightHand_LeftHand,linear_angular,1.0
1869,FAB92623F,Head,angular,0.5
1870,FAB92623F,Head,linear,0.5
1871,FAB92623F,Head,linear_angular,0.5
1872,FAB92623F,Head_LeftHand,angular,0.5
1873,FAB92623F,Head_LeftHand,linear,1.0
1874,FAB92623F,Head_LeftHand,linear_angular,0.5
1875,FAB92623F,Head_RightHand,angular,0.5
1876,FAB92623F,Head_RightHand,linear,1.0
1877,FAB92623F,Head_RightHand,linear_angular,1.0
1878,FAB92623F,Head_RightHand_LeftHand,angular,0.5
1879,FAB92623F,Head_RightHand_LeftHand,linear,0.5
1880,FAB92623F,Head_RightHand_LeftHand,linear_angular,0.5
1881,FAB92623F,LeftHand,angular,0.5
1882,FAB92623F,LeftHand,linear,0.5
1883,FAB92623F,LeftHand,linear_angular,0.5
1884,FAB92623F,RightHand,angular,1.0
1885,FAB92623F,RightHand,linear,0.5
1886,FAB92623F,RightHand,linear_angular,1.0
1887,FAB92623F,RightHand_LeftHand,angular,1.0
1888,FAB92623F,RightHand_LeftHand,linear,1.0
1889,FAB92623F,RightHand_LeftHand,linear_angular,0.5
1890,FAB92674F,Head,angular,1.0
1891,FAB92674F,Head,linear,1.0
1892,FAB92674F,Head,linear_angular,1.0
1893,FAB92674F,Head_LeftHand,angular,1.0
1894,FAB92674F,Head_LeftHand,linear,1.0
1895,FAB92674F,Head_LeftHand,linear_angular,1.0
1896,FAB92674F,Head_RightHand,angular,1.0
1897,FAB92674F,Head_RightHand,linear,1.0
1898,FAB92674F,Head_RightHand,linear_angular,1.0
1899,FAB92674F,Head_RightHand_LeftHand,angular,1.0
1900,FAB92674F,Head_RightHand_LeftHand,linear,1.0
1901,FAB92674F,Head_RightHand_LeftHand,linear_angular,1.0
1902,FAB92674F,LeftHand,angular,1.0
1903,FAB92674F,LeftHand,linear,1.0
1904,FAB92674F,LeftHand,linear_angular,1.0
1905,FAB92674F,RightHand,angular,1.0
1906,FAB92674F,RightHand,linear,1.0
1907,FAB92674F,RightHand,linear_angular,1.0
1908,FAB92674F,RightHand_LeftHand,angular,1.0
1909,FAB92674F,RightHand_LeftHand,linear,1.0
1910,FAB92674F,RightHand_LeftHand,linear_angular,1.0
1911,FAB93490F,Head,angular,1.0
1912,FAB93490F,Head,linear,1.0
1913,FAB93490F,Head,linear_angular,1.0
1914,FAB93490F,Head_LeftHand,angular,1.0
1915,FAB93490F,Head_LeftHand,linear,1.0
1916,FAB93490F,Head_LeftHand,linear_angular,1.0
1917,FAB93490F,Head_RightHand,angular,1.0
1918,FAB93490F,Head_RightHand,linear,1.0
1919,FAB93490F,Head_RightHand,linear_angular,1.0
1920,FAB93490F,Head_RightHand_LeftHand,angular,1.0
1921,FAB93490F,Head_RightHand_LeftHand,linear,1.0
1922,FAB93490F,Head_RightHand_LeftHand,linear_angular,1.0
1923,FAB93490F,LeftHand,angular,1.0
1924,FAB93490F,LeftHand,linear,1.0
1925,FAB93490F,LeftHand,linear_angular,1.0
1926,FAB93490F,RightHand,angular,1.0
1927,FAB93490F,RightHand,linear,1.0
1928,FAB93490F,RightHand,linear_angular,1.0
1929,FAB93490F,RightHand_LeftHand,angular,1.0
1930,FAB93490F,RightHand_LeftHand,linear,1.0
1931,FAB93490F,RightHand_LeftHand,linear_angular,1.0
1932,FAB94722F,Head,angular,1.0
1933,FAB94722F,Head,linear,1.0
1934,FAB94722F,Head,linear_angular,1.0
1935,FAB94722F,Head_LeftHand,angular,1.0
1936,FAB94722F,Head_LeftHand,linear,1.0
1937,FAB94722F,Head_LeftHand,linear_angular,1.0
1938,FAB94722F,Head_RightHand,angular,1.0
1939,FAB94722F,Head_RightHand,linear,1.0
1940,FAB94722F,Head_RightHand,linear_angular,1.0
1941,FAB94722F,Head_RightHand_LeftHand,angular,1.0
1942,FAB94722F,Head_RightHand_LeftHand,linear,1.0
1943,FAB94722F,Head_RightHand_LeftHand,linear_angular,1.0
1944,FAB94722F,LeftHand,angular,1.0
1945,FAB94722F,LeftHand,linear,1.0
1946,FAB94722F,LeftHand,linear_angular,1.0
1947,FAB94722F,RightHand,angular,1.0
1948,FAB94722F,RightHand,linear,1.0
1949,FAB94722F,RightHand,linear_angular,1.0
1950,FAB94722F,RightHand_LeftHand,angular,1.0
1951,FAB94722F,RightHand_LeftHand,linear,1.0
1952,FAB94722F,RightHand_LeftHand,linear_angular,1.0
1953,FAB95060F,Head,angular,0.5
1954,FAB95060F,Head,linear,0.0
1955,FAB95060F,Head,linear_angular,1.0
1956,FAB95060F,Head_LeftHand,angular,1.0
1957,FAB95060F,Head_LeftHand,linear,0.5
1958,FAB95060F,Head_LeftHand,linear_angular,1.0
1959,FAB95060F,Head_RightHand,angular,1.0
1960,FAB95060F,Head_RightHand,linear,1.0
1961,FAB95060F,Head_RightHand,linear_angular,1.0
1962,FAB95060F,Head_RightHand_LeftHand,angular,1.0
1963,FAB95060F,Head_RightHand_LeftHand,linear,1.0
1964,FAB95060F,Head_RightHand_LeftHand,linear_angular,1.0
1965,FAB95060F,LeftHand,angular,1.0
1966,FAB95060F,LeftHand,linear,1.0
1967,FAB95060F,LeftHand,linear_angular,1.0
1968,FAB95060F,RightHand,angular,1.0
1969,FAB95060F,RightHand,linear,0.5
1970,FAB95060F,RightHand,linear_angular,1.0
1971,FAB95060F,RightHand_LeftHand,angular,1.0
1972,FAB95060F,RightHand_LeftHand,linear,1.0
1973,FAB95060F,RightHand_LeftHand,linear_angular,1.0
1974,FAB95225M,Head,angular,1.0
1975,FAB95225M,Head,linear,1.0
1976,FAB95225M,Head,linear_angular,0.5
1977,FAB95225M,Head_LeftHand,angular,0.5
1978,FAB95225M,Head_LeftHand,linear,0.5
1979,FAB95225M,Head_LeftHand,linear_angular,0.5
1980,FAB95225M,Head_RightHand,angular,1.0
1981,FAB95225M,Head_RightHand,linear,1.0
1982,FAB95225M,Head_RightHand,linear_angular,1.0
1983,FAB95225M,Head_RightHand_LeftHand,angular,0.5
1984,FAB95225M,Head_RightHand_LeftHand,linear,1.0
1985,FAB95225M,Head_RightHand_LeftHand,linear_angular,1.0
1986,FAB95225M,LeftHand,angular,0.5
1987,FAB95225M,LeftHand,linear,0.5
1988,FAB95225M,LeftHand,linear_angular,0.5
1989,FAB95225M,RightHand,angular,0.5
1990,FAB95225M,RightHand,linear,1.0
1991,FAB95225M,RightHand,linear_angular,0.5
1992,FAB95225M,RightHand_LeftHand,angular,1.0
1993,FAB95225M,RightHand_LeftHand,linear,1.0
1994,FAB95225M,RightHand_LeftHand,linear_angular,0.5
1995,FAB95341F,Head,angular,1.0
1996,FAB95341F,Head,linear,1.0
1997,FAB95341F,Head,linear_angular,1.0
1998,FAB95341F,Head_LeftHand,angular,0.5
1999,FAB95341F,Head_LeftHand,linear,1.0
2000,FAB95341F,Head_LeftHand,linear_angular,0.5
2001,FAB95341F,Head_RightHand,angular,1.0
2002,FAB95341F,Head_RightHand,linear,1.0
2003,FAB95341F,Head_RightHand,linear_angular,1.0
2004,FAB95341F,Head_RightHand_LeftHand,angular,1.0
2005,FAB95341F,Head_RightHand_LeftHand,linear,1.0
2006,FAB95341F,Head_RightHand_LeftHand,linear_angular,1.0
2007,FAB95341F,LeftHand,angular,1.0
2008,FAB95341F,LeftHand,linear,1.0
2009,FAB95341F,LeftHand,linear_angular,0.5
2010,FAB95341F,RightHand,angular,1.0
2011,FAB95341F,RightHand,linear,1.0
2012,FAB95341F,RightHand,linear_angular,1.0
2013,FAB95341F,RightHand_LeftHand,angular,1.0
2014,FAB95341F,RightHand_LeftHand,linear,1.0
2015,FAB95341F,RightHand_LeftHand,linear_angular,1.0
2016,FAB95381F,Head,angular,1.0
2017,FAB95381F,Head,linear,1.0
2018,FAB95381F,Head,linear_angular,1.0
2019,FAB95381F,Head_LeftHand,angular,1.0
2020,FAB95381F,Head_LeftHand,linear,1.0
2021,FAB95381F,Head_LeftHand,linear_angular,1.0
2022,FAB95381F,Head_RightHand,angular,1.0
2023,FAB95381F,Head_RightHand,linear,1.0
2024,FAB95381F,Head_RightHand,linear_angular,1.0
2025,FAB95381F,Head_RightHand_LeftHand,angular,1.0
2026,FAB95381F,Head_RightHand_LeftHand,linear,0.5
2027,FAB95381F,Head_RightHand_LeftHand,linear_angular,1.0
2028,FAB95381F,LeftHand,angular,1.0
2029,FAB95381F,LeftHand,linear,0.5
2030,FAB95381F,LeftHand,linear_angular,1.0
2031,FAB95381F,RightHand,angular,1.0
2032,FAB95381F,RightHand,linear,1.0
2033,FAB95381F,RightHand,linear_angular,1.0
2034,FAB95381F,RightHand_LeftHand,angular,1.0
2035,FAB95381F,RightHand_LeftHand,linear,1.0
2036,FAB95381F,RightHand_LeftHand,linear_angular,1.0
2037,FAB95446F,Head,angular,0.5
2038,FAB95446F,Head,linear,0.5
2039,FAB95446F,Head,linear_angular,0.5
2040,FAB95446F,Head_LeftHand,angular,0.5
2041,FAB95446F,Head_LeftHand,linear,0.5
2042,FAB95446F,Head_LeftHand,linear_angular,0.5
2043,FAB95446F,Head_RightHand,angular,0.5
2044,FAB95446F,Head_RightHand,linear,0.5
2045,FAB95446F,Head_RightHand,linear_angular,0.5
2046,FAB95446F,Head_RightHand_LeftHand,angular,1.0
2047,FAB95446F,Head_RightHand_LeftHand,linear,0.5
2048,FAB95446F,Head_RightHand_LeftHand,linear_angular,0.5
2049,FAB95446F,LeftHand,angular,1.0
2050,FAB95446F,LeftHand,linear,0.5
2051,FAB95446F,LeftHand,linear_angular,1.0
2052,FAB95446F,RightHand,angular,0.5
2053,FAB95446F,RightHand,linear,0.5
2054,FAB95446F,RightHand,linear_angular,0.5
2055,FAB95446F,RightHand_LeftHand,angular,1.0
2056,FAB95446F,RightHand_LeftHand,linear,1.0
2057,FAB95446F,RightHand_LeftHand,linear_angular,0.5
2058,FAB95536F,Head,angular,1.0
2059,FAB95536F,Head,linear,1.0
2060,FAB95536F,Head,linear_angular,1.0
2061,FAB95536F,Head_LeftHand,angular,1.0
2062,FAB95536F,Head_LeftHand,linear,1.0
2063,FAB95536F,Head_LeftHand,linear_angular,1.0
2064,FAB95536F,Head_RightHand,angular,1.0
2065,FAB95536F,Head_RightHand,linear,1.0
2066,FAB95536F,Head_RightHand,linear_angular,1.0
2067,FAB95536F,Head_RightHand_LeftHand,angular,1.0
2068,FAB95536F,Head_RightHand_LeftHand,linear,1.0
2069,FAB95536F,Head_RightHand_LeftHand,linear_angular,1.0
2070,FAB95536F,LeftHand,angular,1.0
2071,FAB95536F,LeftHand,linear,1.0
2072,FAB95536F,LeftHand,linear_angular,1.0
2073,FAB95536F,RightHand,angular,1.0
2074,FAB95536F,RightHand,linear,1.0
2075,FAB95536F,RightHand,linear_angular,1.0
2076,FAB95536F,RightHand_LeftHand,angular,1.0
2077,FAB95536F,RightHand_LeftHand,linear,1.0
2078,FAB95536F,RightHand_LeftHand,linear_angular,1.0
2079,FAB96284M,Head,angular,1.0
2080,FAB96284M,Head,linear,1.0
2081,FAB96284M,Head,linear_angular,1.0
2082,FAB96284M,Head_LeftHand,angular,1.0
2083,FAB96284M,Head_LeftHand,linear,1.0
2084,FAB96284M,Head_LeftHand,linear_angular,1.0
2085,FAB96284M,Head_RightHand,angular,1.0
2086,FAB96284M,Head_RightHand,linear,1.0
2087,FAB96284M,Head_RightHand,linear_angular,1.0
2088,FAB96284M,Head_RightHand_LeftHand,angular,1.0
2089,FAB96284M,Head_RightHand_LeftHand,linear,1.0
2090,FAB96284M,Head_RightHand_LeftHand,linear_angular,1.0
2091,FAB96284M,LeftHand,angular,1.0
2092,FAB96284M,LeftHand,linear,1.0
2093,FAB96284M,LeftHand,linear_angular,1.0
2094,FAB96284M,RightHand,angular,1.0
2095,FAB96284M,RightHand,linear,1.0
2096,FAB96284M,RightHand,linear_angular,0.5
2097,FAB96284M,RightHand_LeftHand,angular,0.5
2098,FAB96284M,RightHand_LeftHand,linear,1.0
2099,FAB96284M,RightHand_LeftHand,linear_angular,1.0
2100,FAB96418F,Head,angular,0.5
2101,FAB96418F,Head,linear,1.0
2102,FAB96418F,Head,linear_angular,1.0
2103,FAB96418F,Head_LeftHand,angular,1.0
2104,FAB96418F,Head_LeftHand,linear,1.0
2105,FAB96418F,Head_LeftHand,linear_angular,1.0
2106,FAB96418F,Head_RightHand,angular,0.5
2107,FAB96418F,Head_RightHand,linear,0.0
2108,FAB96418F,Head_RightHand,linear_angular,0.5
2109,FAB96418F,Head_RightHand_LeftHand,angular,1.0
2110,FAB96418F,Head_RightHand_LeftHand,linear,1.0
2111,FAB96418F,Head_RightHand_LeftHand,linear_angular,1.0
2112,FAB96418F,LeftHand,angular,1.0
2113,FAB96418F,LeftHand,linear,1.0
2114,FAB96418F,LeftHand,linear_angular,1.0
2115,FAB96418F,RightHand,angular,1.0
2116,FAB96418F,RightHand,linear,1.0
2117,FAB96418F,RightHand,linear_angular,0.5
2118,FAB96418F,RightHand_LeftHand,angular,0.5
2119,FAB96418F,RightHand_LeftHand,linear,1.0
2120,FAB96418F,RightHand_LeftHand,linear_angular,1.0
2121,FAB96814M,Head,angular,1.0
2122,FAB96814M,Head,linear,1.0
2123,FAB96814M,Head,linear_angular,0.0
2124,FAB96814M,Head_LeftHand,angular,0.0
2125,FAB96814M,Head_LeftHand,linear,1.0
2126,FAB96814M,Head_LeftHand,linear_angular,0.0
2127,FAB96814M,Head_RightHand,angular,0.0
2128,FAB96814M,Head_RightHand,linear,1.0
2129,FAB96814M,Head_RightHand,linear_angular,1.0
2130,FAB96814M,Head_RightHand_LeftHand,angular,0.0
2131,FAB96814M,Head_RightHand_LeftHand,linear,1.0
2132,FAB96814M,Head_RightHand_LeftHand,linear_angular,1.0
2133,FAB96814M,LeftHand,angular,0.0
2134,FAB96814M,LeftHand,linear,0.5
2135,FAB96814M,LeftHand,linear_angular,1.0
2136,FAB96814M,RightHand,angular,0.5
2137,FAB96814M,RightHand,linear,1.0
2138,FAB96814M,RightHand,linear_angular,1.0
2139,FAB96814M,RightHand_LeftHand,angular,0.5
2140,FAB96814M,RightHand_LeftHand,linear,1.0
2141,FAB96814M,RightHand_LeftHand,linear_angular,1.0
2142,FAB97562M,Head,angular,0.5
2143,FAB97562M,Head,linear,1.0
2144,FAB97562M,Head,linear_angular,1.0
2145,FAB97562M,Head_LeftHand,angular,1.0
2146,FAB97562M,Head_LeftHand,linear,1.0
2147,FAB97562M,Head_LeftHand,linear_angular,1.0
2148,FAB97562M,Head_RightHand,angular,1.0
2149,FAB97562M,Head_RightHand,linear,1.0
2150,FAB97562M,Head_RightHand,linear_angular,1.0
2151,FAB97562M,Head_RightHand_LeftHand,angular,0.5
2152,FAB97562M,Head_RightHand_LeftHand,linear,1.0
2153,FAB97562M,Head_RightHand_LeftHand,linear_angular,0.5
2154,FAB97562M,LeftHand,angular,1.0
2155,FAB97562M,LeftHand,linear,1.0
2156,FAB97562M,LeftHand,linear_angular,1.0
2157,FAB97562M,RightHand,angular,1.0
2158,FAB97562M,RightHand,linear,1.0
2159,FAB97562M,RightHand,linear_angular,1.0
2160,FAB97562M,RightHand_LeftHand,angular,1.0
2161,FAB97562M,RightHand_LeftHand,linear,1.0
2162,FAB97562M,RightHand_LeftHand,linear_angular,1.0
2163,FAB97837F,Head,angular,1.0
2164,FAB97837F,Head,linear,0.5
2165,FAB97837F,Head,linear_angular,1.0
2166,FAB97837F,Head_LeftHand,angular,0.5
2167,FAB97837F,Head_LeftHand,linear,1.0
2168,FAB97837F,Head_LeftHand,linear_angular,1.0
2169,FAB97837F,Head_RightHand,angular,0.0
2170,FAB97837F,Head_RightHand,linear,1.0
2171,FAB97837F,Head_RightHand,linear_angular,1.0
2172,FAB97837F,Head_RightHand_LeftHand,angular,1.0
2173,FAB97837F,Head_RightHand_LeftHand,linear,1.0
2174,FAB97837F,Head_RightHand_LeftHand,linear_angular,1.0
2175,FAB97837F,LeftHand,angular,0.5
2176,FAB97837F,LeftHand,linear,1.0
2177,FAB97837F,LeftHand,linear_angular,1.0
2178,FAB97837F,RightHand,angular,1.0
2179,FAB97837F,RightHand,linear,1.0
2180,FAB97837F,RightHand,linear_angular,1.0
2181,FAB97837F,RightHand_LeftHand,angular,1.0
2182,FAB97837F,RightHand_LeftHand,linear,1.0
2183,FAB97837F,RightHand_LeftHand,linear_angular,1.0
2184,FAB99585F,Head,angular,1.0
2185,FAB99585F,Head,linear,1.0
2186,FAB99585F,Head,linear_angular,1.0
2187,FAB99585F,Head_LeftHand,angular,1.0
2188,FAB99585F,Head_LeftHand,linear,1.0
2189,FAB99585F,Head_LeftHand,linear_angular,1.0
2190,FAB99585F,Head_RightHand,angular,1.0
2191,FAB99585F,Head_RightHand,linear,1.0
2192,FAB99585F,Head_RightHand,linear_angular,1.0
2193,FAB99585F,Head_RightHand_LeftHand,angular,1.0
2194,FAB99585F,Head_RightHand_LeftHand,linear,0.5
2195,FAB99585F,Head_RightHand_LeftHand,linear_angular,1.0
2196,FAB99585F,LeftHand,angular,1.0
2197,FAB99585F,LeftHand,linear,1.0
2198,FAB99585F,LeftHand,linear_angular,1.0
2199,FAB99585F,RightHand,angular,1.0
2200,FAB99585F,RightHand,linear,0.5
2201,FAB99585F,RightHand,linear_angular,0.5
2202,FAB99585F,RightHand_LeftHand,angular,1.0
2203,FAB99585F,RightHand_LeftHand,linear,1.0
2204,FAB99585F,RightHand_LeftHand,linear_angular,1.0
